track_id,cnt_match,cnt_user,cnt_retire_user,percent_retire,SUM_record,AVG_record
3a801d3a1be83ef6c290f942e9a9c90b8a5ebc8d978eaaa5e908950f2903e8cf,10325,215222,70792,32.8925,1809053528,51731.58501572777
973116ef458e79c7a89e3c4a052472e47e06d65fc84d9ca9881a08ef36b529fc,7067,12807,3766,29.4058,457084946,55451.28545432488
caf2382bb9c0cf432379d97e5658cd0f1f7ad0008bac0a0bceb6986209143b36,5343,8232,1794,21.7930,346111840,58982.931152010904
b57588a6c4fd89fbc2a2c9e9c1a95a746c35ab3ee08e3935db1a427121853e9a,4183,25468,8688,34.1134,496217651,68794.90517121863
7394f4ea05d4115bc1308101998132e50e366c4456c6368a1800a494c6f8c0c1,2714,30486,10096,33.1168,780886822,116969.266327142
1aac63e559f6f5890c9e90e2f8ffb2691e45aafbc5d148523405be3292b9785c,2140,24805,11344,45.7327,653733950,128865.35580524345
bc4cc07b793a1734626a114d9e9527255d2a0dc56cfe0f00778af6b2481b5214,1543,7449,3560,47.7916,219874298,104354.19933554817
0e324e952312814d287d63fa6f6bdee65fca748fbae2acdfad95e6f4dbded102,1507,20226,7559,37.3727,379016080,98933.98068389455
81f8d8e53e86cc06c0bdb3e5c1f4ef7aa31650c3a9a011631471edc377254fd7,1457,19645,5778,29.4121,419392821,109673.85486401674
73103a17062d7007e64739fefc2aee4ba0d98baa53c1f9b7bd5320202b0eff75,1452,19738,8864,44.9083,316402232,92515.27251461988
936626b1d09165291db82c65c8533f6a023e1f72669741706b70835bcffb699e,1311,19796,6257,31.6074,445464231,120722.01382113821
a2bc792a460163af9b1d5726d8a125aa1ba1aa53b32a39be1bf0be2b7368154e,1104,16638,9466,56.8939,319743535,120566.94381598794
929803c3549892072d76bea9fbe5811424146ac8a5ba3ffd91741c50ff06a9a8,1085,15975,6617,41.4210,287109095,101165.99541930937
c81f0b80597f0d4681dd925c08f9250512a7dd8dd9257244049bb879f9f767a5,1079,15722,11523,73.2922,337434196,136668.36614013772
78b3e43cada66683a9ffa6e9a932a68ca76c36893272338aa89f6cb5f27a0b23,1048,10206,3545,34.7345,259852845,104737.14026602177
8d50ed8ae32a4ce260dd7d8303552f72f3e80f15d8bf4192aa4ffe784c81ca12,1039,17778,6998,39.3633,371755188,124708.21469305603
b7cb8cf6cfe163b27b7cde2a66de24394bb51afc5102d0c04dbd39eab9bba05b,1030,1954,369,18.8843,96160664,75717.05826771654
f305dba02fd8c89ceac74a2cf0e09ad55f49bfba7cd242cd751b791ebdb6a578,978,15833,5327,33.6449,231017785,81950.26073075559
37bd0201fe0a4e42a9d81aefd822293212b949d98a3e5b72089473b47310cf55,931,17109,9299,54.3515,315850928,120232.55728968405
354aa746522dd2aa92b2f61dec2be4bcd215e13a1c522b47ff7ae31164bbfafc,894,14771,7801,52.8129,327059407,145489.0600533808
12170098c74c9d6d7db9abb0d5e0cde38c685b5c171f1d4f5b369abe2b22d61e,852,14073,8563,60.8470,301792882,143369.54014251783
577a231fed4029f30269a0bbb648f0bff8abfe94e88258db8ce33ad4ad8504fe,828,14534,5217,35.8951,290386616,115876.54269752593
aa3e9464fb5ec94b5daee8b6848c18d3ae9f441422f99f738fb0271c8a835bf6,825,19948,11755,58.9282,90770424,55246.758368837494
5865397bd41471250d1db58583decbfe5a703d6a59facaeae229c527b58b832b,821,15442,4222,27.3410,272210324,101571.01641791045
7b64acf01df51b2bf6311792c83dad29b5aeb257e5188659b073c8f48eea6722,816,6533,3359,51.4159,202436477,122023.19288728149
40cf59a454ab971e82a900b0746b9a62fa21322789f6357b03c2edbe2961b080,796,14644,6741,46.0325,222638835,103408.65536460752
0277723f47a20a3089c02beed0c6c41b0e904bc17766efbba565b8c64e608179,793,12917,5707,44.1821,182159263,86413.31261859582
4cd670f582e1fc5db858df3c43a51adcd645053ad3c2ea2c49120e58f61f17e3,722,14779,5935,40.1583,337601307,148265.83530961792
5873d5fe128549b597e984c87881e7d0ab632e381073164fe513e902f48a3ccd,722,14597,7386,50.5994,276906800,130863.3270321361
95fbb45f299b72e7e5d1f013e56d528dd5b67fae6a57a1b8ca3b2eec7ba84bfc,719,5739,2349,40.9305,182189832,126784.85177453027
243ccbc7e0f66415976bd36d3718821c2af1440d16e923dca6be7a0b4bc1c02c,700,14469,6742,46.5962,195689220,92349.79707409155
f33646e9f30c6f7bf26dccd3fa2a5a7e3c5d90c405645142a35523f86290077e,697,6956,3428,49.2812,230137837,150515.2629169392
3c03b354c083aa8311b62221f535b6228f935e9b3a9352b0f2c1c71ac7833544,677,6658,3024,45.4190,149970697,99913.85542971353
37af020d27f898e4fa9db2c96ff97fefff8491f49b08bdc68e71c35e43d53b7b,661,14803,8051,54.3876,170986092,82842.0988372093
defe560d53c3def551cc91a61443ac19709c0e58d102c1167c54a3f304422c6b,647,15169,8546,56.3386,215596458,105892.1699410609
c93843288b6c038f11328c0e4a4dae0663a94154242059e1a62f73503e84b104,618,5446,2266,41.6085,142836143,107314.90833959429
751e252308abbced14f6a5efcfb555c28776e6009ca3c622eba35788e70a3bab,614,5617,1797,31.9922,157849105,120311.81783536586
ef680fe215b564c5a1a78877dc76afc367d3d795290da240644900eba24c6fb9,614,5859,1964,33.5211,177839446,134624.86449659348
0b809bd33246fac5d3b39ba8d2e274999647174e43ec4645865d4dc349b08290,572,12590,5069,40.2621,290360797,158667.10218579235
1c5787c05fa0a0e04f2aff585f471681dfa0f35c9fd404d97ae6f87f6a4831d6,517,5694,2536,44.5381,139797212,117279.54026845637
6b4df446275a17345901a06f1e89ae7e2269c81b63d548043446c8cfea35312e,509,5031,1877,37.3087,110746588,92674.9690376569
1f58aaa5dbc7ad73a2ee87a280407194b2a9312ad893d763d1dfb75e75e98bf6,505,4271,1281,29.9930,94274833,89444.81309297912
063bb12532648af822545b74a44ae0b2149561f9d2aa0110e0fd518b551d1f7a,498,4601,1757,38.1874,99554565,94543.74643874644
8a9b71d9a9a3d56c3ccfbc7ae9319ae64c373e4a70e9a704adf58ef5eb1d7c30,491,3799,1706,44.9066,145690742,155985.8051391863
07a32fade9a89ff19701f25a533fb3fdb475f35051f18626b4b380b439bd2c20,458,911,163,17.8924,47202602,84140.11051693404
35bcf80c3a600ddfb38108b3973a2e1a9da2ecec0b55356b306b0902bda051ce,428,659,36,5.4628,37211762,72537.5477582846
519461f08096c7cc64734db42d0c5a7f60e9bd49ac204054ae88cd100426fc7a,408,4600,2318,50.3913,80849696,84218.43333333333
cef91d19aece7571a2e667fe0240f92a010af6c5a6cd68e11a166d69124ee432,392,2461,958,38.9273,107969208,156250.66280752534
c7b28e6fd036b7402a783cfe17ded73c190cbe76deefcf12cacbcf4b4ac62bc2,359,3770,1756,46.5782,62946200,91892.26277372263
5f81a79868eeaaf98cdd18b73608f133796daa093a4e6b9ffd212e17d571c911,333,3839,2447,63.7406,4380989611,6034420.951790634
cae537e121a653ee0a5153be514985339e74ba24139b5eb5a5249051b1538536,329,2752,1101,40.0073,94841130,138252.37609329447
69823fd6dca63aa52224f9cacd2b8f4d4f09e571a2c9fde955207fa9303cc39c,303,3238,1092,33.7245,86717362,113951.85545335086
3db76c496c3c6a4ef687390e502684e519c224f634fc84404b35f1733d98044a,293,1758,609,34.6416,55908099,106087.47438330171
a92875e4d4ce9d4b02b02689f1302afd981b9695cf79f8c6e020738f1a51e8f8,291,1544,398,25.7772,48227159,92923.23506743737
8636765b6c151cc264643338e533587ca763f74879334a1ea38c15202d7923e9,272,2000,654,32.7000,81348156,160767.10671936758
e3d4e8a51519a47ec547c04e7499ab554259cee4760ff0daefbadc0f5bea8746,267,2606,630,24.1750,64200503,103050.56661316213
f99343b37c324637a55256e55855091493e4caf0ac11cf41180497f5a7ac453e,242,1031,499,48.3996,47113441,116906.80148883375
0361c45cd275f107e28c724b75d5ad7ad9ba1ad70a35c0749cae2d2469f45a53,241,2527,889,35.1801,83745168,153379.42857142858
2f184ce623a385b96bb394fa27c47af5eac270779e8135bd57678897888419af,231,542,42,7.7491,23824003,75392.41455696203
1b7ebf081f26efaeed6ed4810576af1bcc417444fd3398f41188582325b7c573,224,2594,1337,51.5420,64329063,129957.70303030303
b9296f71afc024cc6c2b266a95763e829adeff61017f89d2112af6fd31609af0,219,1354,387,28.5820,60682285,144138.44418052258
0ed0edb9c63c3ee5c01b80b81489280c64cf4f870f61f2a1c37af1fa37537878,216,2099,1307,62.2677,50244436,115770.58986175116
42b6465646aeda1b986109bc846cc1573deb50b2d32c03ec552de7f91cb3ecb6,215,2072,1038,50.0965,61622910,131954.83940042826
140b554399a7fd162fbb6431604a5896eb0dc29515998dd5f7562042c87c29fc,208,1870,989,52.8877,51295293,107763.2205882353
d167c7195cee3b4e65cf30f507affb0a85d00a5babfc6a1aab482b137698e384,203,1825,519,28.4384,50557520,118401.68618266979
f6267026ed1b001f903044cded7817481037304ded026de27723a1088aa022ce,202,1888,456,24.1525,51998357,106554.01024590163
df68db9c0e005aa9d17ce9363f7829c27c926638ce141797950a97e1e30844e8,200,1641,1119,68.1901,62775092,160550.1074168798
73f63bf9df6bc787e5673dfd57b08a70823d7ec85419edec005e6c9767c11d7c,198,849,155,18.2568,41990385,140907.3322147651
2cfb3901726c6ff7995ab6827ff476bb90c37061f17e52b51956987788233982,197,1446,599,41.4246,47596132,124597.20418848167
a9b35f6d3b3e773d5f5850c715bf7e92767cbe06c57ecdf5f5acdda9c3856cc9,191,479,56,11.6910,31078110,124312.44
ded1999af976c902867eeb1de59a1d0aceed86795bbe7cb6e5d996ec8d1f98d6,187,1812,1188,65.5629,41718148,110658.2175066313
10da0052333ba15d203a7fd614a2fd0c3103e5e1245ac83f152fbf87313be1d9,184,1327,708,53.3534,62507139,164492.4710526316
3825dc7e5a7133b57445e1d0577de668d26d01815f41cabcbf6f9fab3d4a0de7,173,980,287,29.2857,31035435,103797.4414715719
9dceaf636e51daf6ace6d8e5a5be4df7bf78b9745af14a29a6763675a604406e,166,1562,394,25.2241,41725863,119216.75142857143
0f19e10245930b0a3a07da92eb975e0525f975f40e357d8236d9cfcd056991b1,160,1325,1338,100.9811,44454351,164645.74444444446
1233ae640c1c77c42582dbd4d0e6c89f608c7d4e4ec420989b2e0c2d735d9b2e,160,1017,609,59.8820,49266801,162596.70297029702
44cddc0e408d2c9e53458e300bfaca38b9c88c9fc835525c6a49cb9397fe0af7,159,1103,217,19.6736,56127343,164596.3137829912
4d762656729c3a123d5bd178537ca274f36edf5ccfbd4ab9e3a9afa8bcd7ad68,158,1400,760,54.2857,45293625,148992.1875
c9ad9e3fc464391babb8493a89e719418d677642e91d258a77b87d6431273d85,151,322,30,9.3168,18267234,93200.17346938775
cc9fdad4e72423f485046ee5e6ef4fa243965d06d83b97581984b6067ccff0d9,149,848,290,34.1981,42189656,172908.4262295082
49832328c9467bb0eb62641a12b5f778d66d75c8ff8005b0ebefeb50a291aa44,148,418,68,16.2679,18958208,94791.04
39d88d8f40d5f3c2977eeeb4a33b15905bb8a8180351408fb33c1f82dde695d8,145,1062,377,35.4991,29706266,101386.57337883959
de4a1317d1e2ae4e0008016fb90c08c10f7914eda560ff90e94ce1d938ad4dd7,145,697,137,19.6557,31055974,117636.26515151515
671040f92534670fbf0cb2f6b739c0c22af66b8255f1a3b7f5003ccac9a3d467,141,1154,470,40.7279,33787953,137349.4024390244
ab811beafbd17e6ca2c3f9333517b3060a3b6fe54a1a16e77f8eb8a359dac281,138,885,395,44.6328,27906280,109867.24409448818
ec21e73ee437dcba5b4474bc001b93c1bd66bc2dadb2f754922b2e2bd289419b,134,1217,475,39.0304,33186500,126666.03053435114
3412059e9c31e8b1ee8f0d4b896baaa9ce5a1d45be13c4e47ba3e52b20c0c638,131,1314,559,42.5419,36779819,119414.99675324676
7ee426a93b93837007dc241a3d3d5a8c279f4e1ac1511953702dfe5aabb32cde,125,1549,435,28.0826,50710036,164642.97402597402
04f92b232ca4800a63cc076321c9c163aba6490bd83e8192c548cd6ab6edd532,124,1731,1195,69.0352,48225441,151652.33018867925
ee0d47aab27e5c1c6ac3ecce266f5898a7e41c120cd29acf06f83dd2af62c78c,124,222,10,4.5045,15132071,100880.47333333333
4975c9d0fbe19990ac1bc7fb0c9ce63193b0fb2d023692e939fa8e6b2ee74bd0,120,1324,825,62.3112,43386207,161287.0148698885
200cdd72f4401f11540100b0aaad58ed389120f86b86d07b848afc5ee7d6ab81,118,850,219,25.7647,24779334,107269.84415584416
1372d79bdeb7f042bf0c18c7d14c4bd46c2a3836e708ab5e03785d092edf1d66,116,769,196,25.4876,33616574,150073.99107142858
17b524aaf68170df0645c6f9928cfbe2bd7f532b384d99f59e47b2c7c1badb9e,115,270,95,35.1852,15985935,102473.94230769231
af2c1e78a4922e6e83f09ff1b3e9cf78e9da87d5b3b7dec1c1324959a782d278,114,1012,388,38.3399,40300168,175218.12173913044
28d4edadb51367fb04a33d2cccda0b88453c61062c1c0e3c7ef7d4ba347edbaa,113,179,13,7.2626,11928711,86439.93478260869
f3bfb9a442c5f7c5186434623b62cf5f9817477bcfa752fa62afa063e137aa51,111,770,205,26.6234,28466872,130581.98165137615
e7de2392c3e6453dd8b9ef948f996b9002ee8062815e7ddc9f36a9b101a2d8a9,110,1012,246,24.3083,22844100,97208.93617021276
2130869de49fca50ee7e7aa877ef9e2e815bd9e071dca0d63afaa5c2c2493082,109,1020,338,33.1373,30701171,123795.04435483871
f22f8ac7e58af894e47c2bef43860e41662216dfe8e9dcb2ffbb8263364eacc6,107,1212,400,33.0033,37442973,141294.23773584905
799dd082c3022634391f8775089c0a25fc4df61e539772958b8a8416e0d77e6a,101,1033,343,33.2043,26797955,114521.17521367522
7c487cbcaf6946eb555d4567e4283a16c9020dba116519bf7fac5f160d9d2123,100,292,89,30.4795,16610582,121245.12408759125
bced4f65cf36c22df94c6e26436e37f22b1cf42b5878e2b1edbcdc08df348e6f,100,1381,564,40.8400,28012361,112953.06854838709
c6f041085945e13c1d629217bd5949bd05a29c34a16eb0b304d48e9f91b09b13,100,310,87,28.0645,13955301,106529.01526717558
ff6e6029669a69a0a8303ad7e07c353fc2b87fdba45ac4ee1af6461b310698e7,98,1416,1145,80.8616,27736452,165097.92857142858
81adceb8c0a07688ef8e689b8c94ad7d9c6181ff4bcd951d710d60543c025a2d,97,800,758,94.7500,28119407,149571.31382978722
ef4f4e6dc055d1e1a32804a7a0f1e0e659151111dd65420957d5e927d4627bba,95,959,792,82.5860,25103977,134245.86631016043
1bc4cb7c6999b3f6fc577f558af85a1fc07069acc9deb8f176a851b18efd9dcf,93,950,483,50.8421,26051830,133599.12820512822
a1afcfd265c44554a07cb568760c0f8b8b5bacce0f3d36e438f49f86180a42ef,93,727,310,42.6410,28879485,167903.98255813954
0c18b2adc1fca7a4b6919dbd813fa8584c7e6d51de92712fdf454a3e3626fcd5,91,150,24,16.0000,9758142,97581.42
2d8034b4b3f6e9cc6e651c8355367a911274b312b0f7ad0626b0eb0333051b53,90,447,105,23.4899,24179825,154011.62420382164
2fd45f66e1c8df78c260aeffab51e3d9ba41bbd4a3952a37ccf3c0208ecaedb8,88,512,59,11.5234,23452803,139600.01785714287
f38a823f538978875a9e74d618592b61981cebd1bcb20bd3085900b41de3c3e3,88,568,178,31.3380,24553507,159438.35714285713
1d6c828cb522592eb4731b04a70888937f555034186810bdcd96e7b333095101,87,625,219,35.0400,25214908,140865.40782122905
e82af6560cc3d9bcee89b0a17a335914175c67fb51e666dcbbb501aec2aec030,87,909,761,83.7184,31123333,168234.23243243244
9d9cc7c84d9542f6a3e4dc6229decfe93fde3e76e8abf7941878446b59582658,86,757,596,78.7318,50008402,274771.43956043955
190b0af7c6b957dd9673e528124fa2c40d903250a1896d5f0e42ed79f0c81e4c,80,549,175,31.8761,23892912,151220.96202531646
9ec3105e4802b2b042ae7745d39724d28a06af9b0a58917a3445a94c28589f4a,80,570,374,65.6140,15351492,96550.2641509434
0904b83a74166546ad4e201110d93e7bd60ef227919e9e1378c42e8045175625,79,132,14,10.6061,8657469,90181.96875
061107e201d7f70cc265136cc1e6f7215f787185e53f0fae4e5481b6e9040349,75,179,7,3.9106,8037135,83720.15625
a8d8c2f9db173be8396add9e7d047f96b4d6d4f17be4248ccc0e1dc6e3440bcb,74,136,3,2.2059,9462290,79515.04201680672
ee4e6c6e887007b24a7da342a193c349340be1d324a90a474537302982c1a72d,73,469,321,68.4435,16407382,147814.25225225225
5b6c40e7cfb59dbf50476b17f26de58a18a4be58f7b07ba4b353eb7b6c0fdc2e,71,740,389,52.5676,20908748,115517.94475138122
4a62fc54c04d5a897107f741d71792d14ba8968ed49951c1390a4f8486ac92d4,67,202,29,14.3564,12144453,120242.10891089108
0a2bcd781bffefe9fd176f3683c7dff645a9d179e4085fc47c137f439dbcd7c4,63,271,49,18.0812,13681686,129072.50943396226
0d16ec038b9a8f6cc691b2dbc75ea13cb92e1e3dd6562a1765398929d8f8d059,63,154,70,45.4545,6108190,84835.97222222222
0f143c77b9a4cf1fc7343a1a88a62928473800c7bd02fc9279beb1178d1d1a1c,63,697,364,52.2238,17781184,128849.15942028986
d1e3708e4f841bc7a94f372b459183da29be083e4ea3b2616b984a3f2928be60,63,814,593,72.8501,29214508,197395.32432432432
de7d51d665886f5ebe8f54095276af5b54e0c49171b6f818c73faec4c59d2dcf,61,620,306,49.3548,13061903,85933.57236842105
dc80a4c9f653174e14012be6ae531f795356bddaa689121c315c5b640f1f1ef4,60,398,311,78.1407,11077693,110776.93
eba0da905cdfc0070e86b5150336c4c0590cd59056c3d44a6d287636ec1da611,60,479,262,54.6973,23392293,285271.8658536585
40c309ab0a138e090c42d8d265bc464a40196c338c899c04be8ac83552f5a30f,59,484,156,32.2314,16143666,136810.7288135593
90eec0c786ac7ad4be603ae3a67965c9ccf8e928594ec7941fa44611e51bd15f,58,311,74,23.7942,18611406,175579.30188679244
97e10a4f59bd19d60888eab81c4e2ea53f2579bf99a5195cf298a211711b6303,58,811,653,80.5179,17363694,188735.80434782608
bd1df39255690da9d335e0054a2771b50c9af591a8be1c26a939c4b449780be0,58,112,7,6.2500,8071770,109077.97297297297
60b648ee4485f1eede64e3e9b5d71752d6237ddd3650bd012f55176701b835e3,57,531,226,42.5612,33158596,301441.7818181818
dcd0ec84cf5920e12ad5bc13461ba3deaab0bad143f28606b1db34426ed263a2,54,365,154,42.1918,12885881,138557.86021505378
bfd558c15104ec3ef0f182893a3c9bd77052ce7675028c86dd92a45fa52e8ed5,53,88,12,13.6364,4516099,75268.31666666667
03f7cfe4dc950329d0fd519fe1c5755b54582b30ebed338fa605b4ddd04c0315,52,425,207,48.7059,33607967,373421.85555555555
4c27123c74544b9ec5503f8ff37a0aed4b6257ad900abf2fcb5e6c029b78c55a,52,584,263,45.0342,22691825,184486.38211382114
4b46091f3a72e4d4425ff0793b3791eabbc15cb84f762c302c750483267a8a9a,50,623,521,83.6276,20380802,188711.12962962964
b925d9e4efc94e1f61c300340eab1db324dc80476d73fff1668a1767c98201f4,49,643,788,122.5505,20080212,198813.9801980198
619d446ee03efe7f0c4c4a18d619519a1c3487798f6b0b8993f365318a3feb07,48,269,100,37.1747,8165578,94948.58139534884
312525ff7273befba2df23ea3ff2936fbba4ab4ae081ead545ceeef3f6d1631f,47,113,32,28.3186,4474754,84429.32075471699
47b79bc1e96c3bbd71713218c4b4ff374c91b922e1c59b2edc14651209ad2929,47,83,4,4.8193,4285876,77925.01818181819
f4d1552bfea034d5eed948e632b6d2e1a210983ce485b0699ece061841893013,47,342,142,41.5205,10938425,133395.42682926828
21581b3c79c6dc8cff34d169593115a642c3f5c066f57d8db2a6b1b89ecaefab,46,277,248,89.5307,8367527,102043.01219512195
72a02ceee940d4a33892b828515e07d7695dfec17534452f62839cbaed2c0f98,45,436,123,28.2110,20363540,180208.3185840708
e1fd0bf641271d2baf88a1f68a779a375f5259c56ad860a57a5cc529dfce98d5,45,199,41,20.6030,8668322,115577.62666666666
a9a8be547d729112e02f1301f2b6a43ee3cbdcaad32c3d926811aa6c9bd2c1dc,43,478,488,102.0921,12617214,124922.91089108911
6c9a71c4d3f843af9bf3f129cf9f4a213cd79f73db8f016ae7a005703c0cec0e,42,478,720,150.6276,23651700,307164.93506493507
f62450db52ad3875acb8eceeba700f861fa3e510e316a07466b97a84737fea2c,42,172,19,11.0465,6407112,92856.69565217392
70b1478080c29c0058805dd742f2d0427f7e47dafb8e9f847d9d25b93837eb22,41,340,227,66.7647,9213838,119660.23376623377
9e7607980870bee91d7353f86d449f988480428b7e8b10d7be4d5be2e54bbee6,41,325,91,28.0000,14393079,179913.4875
6d9074afa379ec224ad4e77da0fe41e3fc1495557fa66ec4b0e20f41d85e832c,40,571,352,61.6462,12521657,103484.76859504133
6fadee14cba0c0795841e24d4f4ae58d2f5f74956c5d23f82edb7bb1aca54916,40,72,0,0.0000,4422920,88458.4
c9d352942e136a8fc1e56d0772f00e29149252aebc222ed77ad5feea2bacf6c3,40,80,4,5.0000,5306449,98267.57407407407
75fe6fe1cf114683a0308334e9a9079f9882ba1dc9124dbb45cb5b257e1e4c9c,39,339,86,25.3687,7969365,99617.0625
783f08e9fdaa169ec3138eecf72451e9439211d414e200e65462bd318fbef9c5,38,86,2,2.3256,6041257,95892.96825396825
381322773234251df86c96e4745cb63a77fb2c43633b7a1cc032ae7677c5a0c7,37,404,118,29.2079,11501106,111661.22330097087
50fcdefd4c4bd9c6af14151be6c227ab661255e920a043ce2bf2bc03426480f4,37,218,159,72.9358,7671956,125769.77049180328
cb9790f64ce28a230f7a5d76945adb36012a2acfa7108b5285f1af8f00eb0e0d,37,96,14,14.5833,6551470,123612.64150943396
ce4a7c488607311283b4e3948d18c45140e6be9575b27a204f5bf32662b18c91,36,258,48,18.6047,7024108,80736.8735632184
17b78e6bd13587c22ae01ed73fec7c2bbebd2509f4691932bcbc1276b03f67ae,35,301,63,20.9302,9355938,123104.44736842105
9543832bdcc21248c9ebcd1790867a0c268ee39574dddab2a4411dc40dca7065,35,403,126,31.2655,12747711,163432.1923076923
4ac2a1e802e3c2f6370f55b8629879a84389e5fa511547f0f88d928a5583d7db,34,528,438,82.9545,10099107,108592.54838709677
6f39b6766c8a93b662250c86c038154139b42448d12f0cea3adbfc45d16f4788,34,119,28,23.5294,4824385,94595.7843137255
88a9beef1044ebe0987d8e3df4cce564df126710bf92099784a4f037932901dd,33,101,5,4.9505,7467967,135781.21818181817
b04674084c57c63a15b87495d48e654fa12a96342dcac1b27f645bb891cdf0c8,33,166,59,35.5422,6949178,151069.08695652173
5be6b53ddfcab325d85c16b5dc147d1f47a258e7db0df786554ccf46c053bb55,32,155,70,45.1613,3928925,91370.3488372093
e86138a3a04c138f991da883d4052ff3a00624ba9eb29d00452948d908a0de4c,32,115,44,38.2609,4596730,109445.95238095238
28bc49ae36eecd5016c5340b31d24cf981567b5ceed2b642798256007fde9497,30,107,40,37.3832,5239078,109147.45833333333
d6dba79d27e739554fb7c948b99868a381599344fb512de17e9392dc8ac405ed,30,260,80,30.7692,7709192,120456.125
b891b515ffdf97ad4d5b3dfccedcbb37a66726748700ebb6033e0bf8803b4270,29,104,23,22.1154,5460092,118697.65217391304
e60a23798eb0f55e5867398340696299e9a40dd87ec6e9aac92c48e99eb1405f,29,265,138,52.0755,5858981,136255.37209302327
f5d05f8cdd97615df080dc7e90ae00cd8fcb7eb2b0f711b9b250560a386a713a,29,175,37,21.1429,5768031,106815.38888888889
fdbe9025514e73fe3e4f991d804ede46d2deacfcf8aef2d055a12dd63d225d0d,29,250,41,16.4000,7181438,105609.38235294117
4832159665debb49f2f6709f8e1d1cf31776cc81d6fe8994573422124ad77555,28,105,21,20.0000,4495365,115265.76923076923
64545a5d692993825d08d5e8371fa648b94b58e2a27492975eadef25a0a4119c,28,201,86,42.7861,6254323,118006.09433962264
12aaddc5615a4fe8c4c54239036f3d37302a1c0545893d3691f16e6a8e415916,27,147,52,35.3741,4442241,98716.46666666666
595e1c7551d7047a005dc946334dbf7ae8a32950ea45d5e161e56f99e8fcaf20,27,166,50,30.1205,3835218,100926.78947368421
c961712df23e818c056b2e673467aca3e173b7bf53ee8e35cf9a3e75a3dfc0c6,27,161,70,43.4783,4283746,104481.60975609756
1453aa9e2308993cb82d223d1b3d6a57e9fc6d3bda86dd67a15f90783bda95c3,26,187,70,37.4332,9137844,147384.5806451613
d192631c097fabd265a7fbe5f11925e4d0f631aec460903e8e43167249864aa2,26,142,45,31.6901,5229642,124515.28571428571
0f2eefba5aa38ebdcd9db6f0a16b2846b4cde3523297ce6f227245169b21fcf8,25,34,2,5.8824,2297651,85098.18518518518
4211bdfc90ebaf0bca5f217435a71a11c89d4501878182e75c7e7db205a6053f,25,155,51,32.9032,4223224,105580.6
9890e87e111a0f541605c38c96e06597baba843c1f71cfba5780ace4aeb046fb,25,264,135,51.1364,8034376,163966.85714285713
675f5b561f22f479152459f813525c0b20d34d5b719c780df9d5a153701a18ca,24,213,111,52.1127,7886189,127196.59677419355
7dd5255d3156127de409d8f3052b363505e92fdd40e48d2b9394ab51c431aba8,24,168,61,36.3095,6915385,109768.01587301587
9010c6458f7ef173fad3206019b8d2ebedfcabe566854e3dcc8304ef914ee642,24,59,13,22.0339,2768316,95459.1724137931
93b360efc0038e55a6487d4ea45f0a166a788eac8cc11fc7c9bb5c1a2854523d,24,147,61,41.4966,4456439,127326.82857142857
9a7262a6f5332ee9a754a31471e900b099ab2701d951527c6c8441893acd10f3,24,140,25,17.8571,4972670,108101.52173913043
ee9f7fc6ac66066247bc8de759996057ae42a2a5d2283f066901a8ab775d6063,24,140,111,79.2857,4469189,106409.26190476191
02cbc0e83890810b3a163465021b4bd06e3deb39cc6d58be55e978f498e889d5,23,63,6,9.5238,4004858,125151.8125
273fed281edcd5e0bf8ae1cba6718b9712ee70ce5ed47ce2c1a6c757d3c04f5a,23,64,30,46.8750,2658819,106352.76
a2e0bb3c8c15d2ba26dff31c805d5ad487d14e0fbdbbd64ec5922adce468ab6e,23,165,78,47.2727,4948423,105285.59574468085
b6160acfee797e5ef854bccb1e51011940f37acf67ede61d05eafb3ba07c4ade,23,74,11,14.8649,3452143,95892.86111111111
e9c91438145dfe4b39e0efe21586cc15343301740e851370949d9e2efcda36ee,23,69,15,21.7391,3528249,103772.0294117647
00ee846f64773280ccaa7a608e10451eff13d66db07bb2b3ff0862d5e5e9ef5f,22,43,0,0.0000,3632995,88609.63414634146
0315454edc50256445089165bd56d0bb41d96f3678df8433a329a6a32bea3557,22,199,76,38.1910,3475906,91471.21052631579
39d77c4ff76d5a4138889076c6fdb2a923662fd99a3130467afb5e2f55126acf,22,103,27,26.2136,3309651,94561.45714285714
c16a7aa92970c8c73cd56fa3dbd6e439c08b3f490b945cc52c6873ffd236066d,22,70,13,18.5714,2624646,87488.2
cb05dd0c8a0d6bd1f5db14b37e4773ae05a6ddb64667157563a408218b0f5fb6,22,127,25,19.6850,5643107,125402.37777777777
59a8b772a3cf2b0e970921ad2db3750fc92007764c978427fc5037188ea7a270,21,189,78,41.2698,5632330,152225.13513513515
948fbe64f88edab62bee5cb434a4c2176de82dceb4347c6a175700c7942f466e,21,77,2,2.5974,3505375,103099.26470588235
591c9b3326944bce57a892700ee01112c91952201956b746311f8dd28e2ee1aa,20,123,41,33.3333,3225591,100799.71875
b6dfb0c7b88999adec4f84319331caea10034ee2f99d7d6dcdb9dabb5be8a2dc,20,100,21,21.0000,3016044,86172.68571428572
1db419c9a0f68ebbc312129ddac8a15563eb3f1b46a5e9e65f75db14714881c8,19,105,29,27.6190,3109191,97162.21875
980179aec1c97ce2bec7893a86e42e314dbcc5bd043f1501e7f207519dff21dd,19,42,2,4.7619,3242057,111795.06896551725
d8999250627bf15be365cbbcad09e0955dfaf67363ed267a2cb5626641d25f31,19,65,15,23.0769,2883241,115329.64
59df0d094f0b1c959f04837be83bac9ee1195094cdc9de07911845b90d88a364,18,95,19,20.0000,3023905,97545.32258064517
7a5781f2eea5d8450bd2b8b29b654e1e4c472da7d1cd10e7d5cb83e16b115680,18,155,71,45.8065,4123736,133023.74193548388
c694e62af4eed0e793b0091660cb46de6384748e3d5848dbeffc2aa0e0e6bebf,18,164,83,50.6098,4660398,145637.4375
d0ca9c522ce995e6bde46cd83b45ae5bd19b79f9456bca5c48846956cb152b79,18,110,31,28.1818,3060363,92738.27272727272
ac81decc7a05c7a3d2c54f40ddb7d334819d96d9969a24a086cc9002ceb34af9,17,154,29,18.8312,4195922,97579.58139534884
15f65f1af8f70d12a8861b508ee19e5a6e9f0c4928e202080ef430f329032bb1,16,187,59,31.5508,3565876,104878.70588235294
662835aa0c5095b81119fae0f69430dd1e992ef42789bfda5047b407c31d4bce,16,145,88,60.6897,2587302,117604.63636363637
839e2089cf401fc9afa5b9b7778ab094a8bacbe7a306cf9f75483803c9579312,16,102,32,31.3725,2734760,97670
ba92606e7f3a75289caec57614a99fd46d4fb3672106b95ae205b7a7d3387283,16,68,0,0.0000,2753487,80984.91176470589
692fe5afee5a6423472247e044d61f813ca86a3bd72e5af67bee59db8a1a0043,15,131,65,49.6183,3023115,111967.22222222222
8ce3fbd59ec7e773679fe21976b82836b96613353ee41b89c0f33a624723768a,15,115,44,38.2609,2445453,90572.33333333333
9a7c87e81373ef60c8650a3442f381af34cbb7abebef00f1401b08f67c66f57d,15,299,425,142.1405,5911817,137484.11627906977
a75e2b36d82e9c459005126670ec57100aaab8d49191c43b60e85af617c4b74d,15,129,65,50.3876,5061756,144621.6
bd32a044b5ed663c5f38144eca6f544aac707a86bb86ab48d8eb089fc0958249,15,90,13,14.4444,4317457,123355.91428571429
e3c3e923733336482a975273d2c511e2d669280e25a6ccb7f240e5efc8d39162,15,85,20,23.5294,3577027,127750.96428571429
e9ecb0a895259e99960224be44e0228032c31e1dd2086ed0ca6bb7cc6687af69,15,129,143,110.8527,4330737,139701.1935483871
37cea640bdbfd5d8c7f0919ecebfaac11aded2d57d1bc6a68b95444e24cf3b62,14,101,54,53.4653,1643498,91305.44444444444
af3dbd3c7844f01cb430e3ccf32b53b1cb313f544e45aa19e9f791f3ba0c875b,14,96,23,23.9583,3168151,117338.92592592593
c8195d7642526dcb143d9c0ea0dd5f64af092b87f086a73c658a9c715f465be4,14,60,15,25.0000,3587772,163080.54545454544
0f05f98d93db64bfc4d71e3f2844de75ac75515d58813b1fb0ffa22c0bf09a76,13,67,0,0.0000,2411205,100466.875
117ccdd8d967875214f83cb71cd961fb4c88817a2548f5a4ca3e416b2b8b33a6,13,118,53,44.9153,3895867,162327.79166666666
483be3f4aff78fd050d162dcced7687b5a50c3d46ec21d9ae475e48d8d4eb95d,13,59,45,76.2712,2030936,106891.36842105263
6cc07bd9cfa9699531cf954f8fd817d5a74d889d4a996ae18d6809c501a50e18,13,215,78,36.2791,3739832,98416.63157894737
8c6c35b3142ea8f4f882f28e0e218b18e99619121fc3a0d631727dce0dc54c6a,13,98,13,13.2653,4625534,140167.69696969696
a83aa53e5f36f12cdfbaf4cf7cc64f40b65b8679dfc90c6b40f9c78fa506fac1,13,117,51,43.5897,3221236,140053.73913043478
01107ff0883daa9291109ee93653d61287718a8539942cd0ab42f0e8df123ee7,12,85,18,21.1765,2714571,113107.125
17363de6ddc6616f0131c8c9a8448f1a2f546f94f1bee8792025f4298b409836,12,67,12,17.9104,2991545,130067.17391304347
25cf7b9199c2116a521e10240c06e0687c04f8be5fcdd352fc0fb0cd6c92eb22,12,50,43,86.0000,2091339,123019.94117647059
4cdbb5c58c951f3442fe95903edba1a6b4ad8d03a1752baab3fa43a7ca78b8e8,12,130,28,21.5385,3369755,134790.2
62ab050620ae59b6cce67a2dc244ef96ddabf46609c62fd6b86c1c64228b90ab,12,67,15,22.3881,3017817,143705.57142857142
9ee184ed580f4d630c23fef3066c60dc10c7ba92596ee6f7bcdd68551b858186,12,97,68,70.1031,4861670,173631.07142857142
13fad95b4bb5aa96230d6833dc82fe0d449dd1064ee40ea2a58cb924199a09a0,11,72,8,11.1111,2662978,102422.23076923077
2f16e5de412823af0c22c3ecac8661e7fb5040b5e291b1e05ff97c2aef4605a1,11,21,0,0.0000,1435020,102501.42857142857
3ffb7af82410f58508c6464f59540fefbd67b81299fb8ee67c4bd2ca1ae91a36,11,64,19,29.6875,3104293,163383.84210526315
572784edcb6823a7334b87a1508a53beb79a0e45577f7ff04a1227cb3248f6cc,11,135,7,5.1852,3645459,95933.13157894737
8a222f3c0b4d6ca2185a353dd55048139ec934611528e844869d65c9989f845d,11,71,7,9.8592,2419883,100828.45833333333
8ab1ce8795b6dc84ecbc5ec0e74374da70fdf96f015a5875dc55f99c81e5467d,11,63,18,28.5714,2026847,106676.15789473684
8cf247d5f9f9b5b5754e71b0e0a6dbd7d8530b3a10d2c2852584d551f2ef8510,11,41,16,39.0244,2021915,155531.92307692306
a7fff0c4d7687a07fe58ad86ca4fa89eb710db8d16497fe8a04d4d52c8a980c3,11,38,6,15.7895,1934154,101797.57894736843
ce9c3929ba59a8885e09ffeae9c358ab14c373d2244eb20920b4ac6f81f3ed3e,11,100,38,38.0000,4585080,120660
d662a8388be81b4fefdb0588ad81c1c81c48fcaae83311fb8b894887b8c8fd3a,11,57,9,15.7895,2205177,110258.85
da7042f11ec4e16b461c5b357efc7801ee6d0babbd588a18ea08d8bdf7ebb57c,11,20,0,0.0000,1596778,114055.57142857143
1908f4d0f1f55b7fd09e6a7cb95a80e2674b35cf7f4d5bdf4c67c252f5f85238,10,57,13,22.8070,2320891,128938.38888888889
1a69d0cf51b5506a0fa144d1696050eaf2f2aa88424019be6bb6eee4b361a6d6,10,107,72,67.2897,3576715,127739.82142857143
1f061c1658adae6d0080787254e6ef1925f1d9e8b24641fb5445ab0810021cbc,10,110,70,63.6364,1478347,113719
3b8caa294c8d5bf3e7bf7fd83c2cea1572b2513621609e5371cfeb8680b9076e,10,45,14,31.1111,1019943,67996.2
75df22aee2ef71b333f39719d90314da74743fd37180e026390c84c1b1373c01,10,113,44,38.9381,2144068,112845.68421052632
b3b48722195dd9a0c64e6edbd6c5f100fb343fd76e0e0b2c7dbe5d341bb66c08,10,57,23,40.3509,1489516,106394
b42aa37ab64a84034d4a578b4b4d9436d60c3cec34f17d2ec91881546e186e0a,10,38,10,26.3158,1677613,119829.5
ca43f46db381ef1ba5df75de71f370399f8110ba946281f6d4f654590b2a36e0,10,79,17,21.5190,1821696,86747.42857142857
d30e6af971d2ae1a27927e404b7366363081c27d749180b2fb1fe0a69526e6fb,10,44,10,22.7273,1949595,121849.6875
d86e4c220eb701afc32bb3ec80a07e445b0722c208952c44c829233e832e92db,10,88,33,37.5000,3049568,160503.57894736843
f4420c729a097e322ec8d96aeaf812285898d7b28abf2c8afa2d78c4fc8854b4,10,128,31,24.2188,3025590,116368.84615384616
fea3bf75fc14c46af602eb5ea34a3db4828f79f26e8317f545ca53bc7be488f7,10,74,14,18.9189,4138518,165540.72
17129245cfbdd3848d18b95debbbb9c3ac964c7201bf76db96f3d4235eaa1d11,9,120,10,8.3333,4372772,132508.24242424243
1cd25debe555b7c8cc2a3214de8079e1efbcf1c5480040229d891b1781483ce5,9,23,6,26.0870,1444209,131291.72727272726
2296462107190735f1faa0fe9e016b3433022a1b18a95df7c4be25bbfd3fb1e5,9,70,5,7.1429,3083300,146823.80952380953
46a9e718511d860429d6d9d984ebc0c93458c3571e7bef0621a5521d2e055c77,9,110,80,72.7273,2233270,131368.82352941178
4f586022cfd223c04008f4baaf85b9613dd00fb080726e4486eeb3983c3a40e7,9,45,10,22.2222,1917265,106514.72222222222
5d2b9beaecbc35c0bca082e8fa38327dc1a461abd1e4ad3bce69e427ef98ef32,9,95,12,12.6316,2076386,109283.47368421052
5e64c70625bf342c2e0d7c43f8c63de90c2b50a26ea900d370b530b6e9e38b5a,9,163,76,46.6258,3209402,152828.66666666666
d7099e7229a47d541eaa24ef5583f8f52cf416ab04aa8e0ceb83ca1e837cb801,9,64,47,73.4375,1734732,102043.05882352941
e6fa9012fa1589d59b8bb84749652b9b033cb3e09194fb1719b897e722cb273d,9,78,19,24.3590,2022672,106456.42105263157
1fa2522cb0c89f76473c12ebaaa9d0ebe7966697618d41a4e1c1efe9d9318c01,8,75,30,40.0000,1543219,102881.26666666666
3e9bb2755733fbae2a16dd5ba036b3712ee6a64b03398063cdba870a5a29c045,8,96,34,35.4167,2087428,122789.88235294117
458eb75fb11d035d7e2e06fa76a5dd6bb9e5639a29c3c72b79975c739207a7e7,8,59,19,32.2034,2055167,137011.13333333333
5d7bd88232504c6c0e8b6169965780c304df15ba1a32ff3cd0025f9a5a11d7a9,8,59,37,62.7119,2231863,117466.47368421052
7c0426cf5c9c5d8d2858def185bf3b6c199404924cc02a35558daad97a6357a1,8,47,5,10.6383,1703503,100206.05882352941
9c755c11ae2f2d96dc6ed0a3f8099e9e1fc0f7df85a6d280270dfc4fa97b4ad9,8,62,14,22.5806,2401863,141286.0588235294
a0ce29213d8914e499d4a0c1ae90de9d9c08ce67b10db311106c98edcf6a7218,8,24,6,25.0000,1141031,114103.1
b204d4ae87bf67a5d81f501b7637ed4386e1ed726a2312dcd2072f4173493bbf,8,98,76,77.5510,857932,107241.5
bc7ef806b0020edf11620ee2324901a1e3b9a0263cad9be99ec617aec7de6fee,8,113,59,52.2124,2821239,156735.5
c5d2203fc4979dab295e07763de827776f4e83c373cc66ab03bbb89c75356b69,8,32,6,18.7500,1598827,133235.58333333334
161afd6993bff96474a478f00051a6a5501f8a900a95245dc88828064c7d4e70,7,60,19,31.6667,1815646,129689
2534a9e0a5d477de6097d635513b1bc16afb9d7ef151162035dc93cd421cc67d,7,19,2,10.5263,1134441,113444.1
2ac0e5f5bf68da7b8e2e0090d8ac7863b713448ab5994b5fe46855829b419a7b,7,77,53,68.8312,2421378,115303.71428571429
5060183c5b7865b3c023ef9196fca16b1e75e574b417d61b7badd9c0e837a2e4,7,43,8,18.6047,1750142,125010.14285714286
7bfadcb26aaae8b3e767510da62db33104e19a1f7b083ae0c2f538603e7d2101,7,141,115,81.5603,3171362,105712.06666666667
cb98c3b50010f38c9919405374be6f20780b2165d36ee4cdadfd9d5446372790,7,81,17,20.9877,1971886,109549.22222222222
e1f3044109009a3761fe00da70674d83f0f49f1371a1b1aaf641f41153ceb504,7,40,8,20.0000,1428984,109921.84615384616
ee75496716bd972dab57f4d0587f8912dd0f57d5e66646ce3e45af1bca089cfb,7,54,7,12.9630,1717058,107316.125
f8bd236092f87a1f007a0043c31d07bfbc5e97091fece1a7aecedfbd7392c6bf,7,103,19,18.4466,2795173,139758.65
3b3d58a41efb9b00da3e88874a90b2e97ce0bc43381e7adf73e0358c83b2e1dd,6,29,0,0.0000,1464052,112619.38461538461
5cd3ce58b251e4d4c8e5b678c75e077420eedd3eb00935460ba19d1941976bf3,6,12,2,16.6667,749078,107011.14285714286
be0096b2e062a404ea9d233f7d27c42afa7592087837607df55ab192ad3a2574,6,93,66,70.9677,1643235,117373.92857142857
e60f7964b0abe70c8d245326452808e38bf4da4cf30b2f8ef52a0f839d893302,6,182,90,49.4505,2791490,126885.90909090909
f223e23fe123db7e5b87217127bb4a94516cddde6ec99add00209caf5df91da8,6,36,6,16.6667,1479442,123286.83333333333
08e1cd280d3310cd93ca2e1ad60dbdd8fbca6c37e1c26d4bd9eb08c9592a37a8,5,41,4,9.7561,1408713,128064.81818181818
1b2d160447b4d5aea78497e89d67418d5001fb00a67dee5131e5d33847012953,5,8,0,0.0000,575116,95852.66666666667
2f2650bfaf03421c38970a1f8678868ae1159abdd1712bd06072bad9a32e88a4,5,72,15,20.8333,1042003,74428.78571428571
462caf0d5b6f0894099c6c54d1f58a843a2df564d9c1961394df4208b6f0baa9,5,65,54,83.0769,1626069,101629.3125
b7ab41c77d9b0d7640b34ff2cf1c34becadf0f6908e1dd5781b883d83aab08b5,5,117,12,10.2564,2790614,103356.07407407407
26bff08a7e04c167d9bbaa083008135c9e6c49867b802fd9e06b0cef5148ccb5,4,134,144,107.4627,1846315,97174.47368421052
681572858d6f63ccc75630acd47be609731f721bed44565e36e9b79269376eaa,4,78,7,8.9744,1421759,94783.93333333333
76fffce56b86668909e5ea4fa159ab40bddadabb0abfa1c11cbfe7f34c86ad58,4,26,12,46.1538,1336367,222727.83333333334
890fdc656fad127acd0d811d8b58bd3bc9f0ec76b282d665f9476b03bed51840,4,16,6,37.5000,669253,133850.6
b689ec03def1d91d572b75f607a81c4ec10daa68fc17e2245630545486ed24e9,4,31,3,9.6774,1051823,105182.3
f2dd74ed29429ee29c1c9779648d2554315883730ef1e0d6851ea0e10df4cc21,4,33,3,9.0909,1471505,105107.5
2c91a40803efd366253530ca40afa03913bb1d6a0cdce6f59c7e4e2173ce65ff,3,17,3,17.6471,742356,123726
330e5f10ebfa3a7a4d653a90e51664959fed1490c606af148962a898a316c46f,3,22,0,0.0000,866203,108275.375
4d3451d865062e6144809665f15229d18697bb3a8ba9f1fcf23cfb5692ea57aa,3,17,0,0.0000,559969,79995.57142857143
527872c275545791cae6465675f37633e725ef2cac58e5722dd5a7eca80be4de,3,61,22,36.0656,2789940,309993.3333333333
74d96a94dbd753c9526d897d517d1d5b1daaf35a329248388039a594d7068721,3,17,0,0.0000,761839,108834.14285714286
80c7fb62657357f78a4ce86e68b3b4a6cf9e690dfe4556e607de26ac9db98a02,3,49,48,97.9592,1254669,96513
bf1cdffffc05e9af397c567d313d2d10c8e45aefe564f48b06245aae0256e35b,3,54,12,22.2222,962642,106960.22222222222
f4398ccd501f265c45f2f6e823c0e9873323a4a1bb0ffcaf2f1c3e57158a1d0c,3,29,10,34.4828,727043,121173.83333333333
03d5caf09068ae444ffc44adcb51d3cfc8b49069dd01a490b3af1a0ec6167a5e,2,58,24,41.3793,598959,99826.5
0ed6ab76c8fa6b07a3f56f3a4cbb85eb57565b7af42bfd472cfb5b809f52e694,2,13,3,23.0769,423090,105772.5
129ab676c2539f45c2b761a0fd96544084597dcb74e7da83bc54e1f2418d340d,2,13,0,0.0000,592347,118469.4
57ab6b9ad0551d15dc6e671dc9e1de50b57a0d3ad18be0dcc51aea42b02a9537,2,13,8,61.5385,4157923,2078961.5
596b76ae8f3935e1f6d16456135919f436a82846fb169ea3ab21933c3f72d7b3,2,20,0,0.0000,649013,108168.83333333333
a587865c7b7033c319fcca896bfd11d37055aa4c7dcba41abd147caa9e61b958,2,29,5,17.2414,568051,94675.16666666667
c33d9275d5cccef1665e951ca3a38ab28d525099d1107d38669900940c4c2b6b,2,8,2,25.0000,421119,140373
f7acd79038f96a6dc0d04add6ac069b44d8380953c1e47b54197969cc1c04798,2,18,3,16.6667,538262,107652.4
3e96020f88b0d459592e4660f01f544a89d65431cee7f28f795d51acdee3752b,1,4,0,0.0000,242750,121375
c4e27178b922fcfcf8a20f71c1978b43ce087fe093e0336e5624cdc8f1aec257,1,9,0,0.0000,305161,101720.33333333333
