map_name,track_id,cnt_match,percent_retire,AVG_record
빌리지 운하,3a801d3a1be83ef6c290f942e9a9c90b8a5ebc8d978eaaa5e908950f2903e8cf,10325,15.0324,51731.58502
트랙 9,973116ef458e79c7a89e3c4a052472e47e06d65fc84d9ca9881a08ef36b529fc,7067,20.8078,55451.28545
노르테유 허공의 갈림길,caf2382bb9c0cf432379d97e5658cd0f1f7ad0008bac0a0bceb6986209143b36,5343,17.2832,58982.93115
코리아 제주 해오름 다운힐,b57588a6c4fd89fbc2a2c9e9c1a95a746c35ab3ee08e3935db1a427121853e9a,4183,21.584,68794.90517
빌리지 고가의 질주,7394f4ea05d4115bc1308101998132e50e366c4456c6368a1800a494c6f8c0c1,2714,21.2592,116969.2663
비치 해변 드라이브,1aac63e559f6f5890c9e90e2f8ffb2691e45aafbc5d148523405be3292b9785c,2140,27.2896,128865.3558
사막 버려진 오아시스,bc4cc07b793a1734626a114d9e9527255d2a0dc56cfe0f00778af6b2481b5214,1543,41.5645,104354.1993
메이플 헤네시스 공원,0e324e952312814d287d63fa6f6bdee65fca748fbae2acdfad95e6f4dbded102,1507,26.3288,98933.98068
빌리지 남산,81f8d8e53e86cc06c0bdb3e5c1f4ef7aa31650c3a9a011631471edc377254fd7,1457,19.9372,109673.8549
메이플 리스항구 언덕길,73103a17062d7007e64739fefc2aee4ba0d98baa53c1f9b7bd5320202b0eff75,1452,31.1302,92515.27251
WKC 코리아 서킷,936626b1d09165291db82c65c8533f6a023e1f72669741706b70835bcffb699e,1311,20.3944,120722.0138
네모 산타의 비밀공간,a2bc792a460163af9b1d5726d8a125aa1ba1aa53b32a39be1bf0be2b7368154e,1104,36.8012,120566.9438
월드 뉴욕 대질주,929803c3549892072d76bea9fbe5811424146ac8a5ba3ffd91741c50ff06a9a8,1085,27.1801,101165.9954
메이플 레헬른 악몽의 시계탑,c81f0b80597f0d4681dd925c08f9250512a7dd8dd9257244049bb879f9f767a5,1079,42.1316,136668.3661
차이나 상해 동방명주,78b3e43cada66683a9ffa6e9a932a68ca76c36893272338aa89f6cb5f27a0b23,1048,23.5486,104737.1403
차이나 라사,8d50ed8ae32a4ce260dd7d8303552f72f3e80f15d8bf4192aa4ffe784c81ca12,1039,26.6023,124708.2147
메이플 리스항구 선착장,b7cb8cf6cfe163b27b7cde2a66de24394bb51afc5102d0c04dbd39eab9bba05b,1030,13.3793,75717.05827
월드 리오 다운힐,f305dba02fd8c89ceac74a2cf0e09ad55f49bfba7cd242cd751b791ebdb6a578,978,22.3251,81950.26073
월드 두바이 다운타운,37bd0201fe0a4e42a9d81aefd822293212b949d98a3e5b72089473b47310cf55,931,32.359,120232.5573
빌리지 운명의 다리,354aa746522dd2aa92b2f61dec2be4bcd215e13a1c522b47ff7ae31164bbfafc,894,34.4339,145489.0601
노르테유 스카이웨이,12170098c74c9d6d7db9abb0d5e0cde38c685b5c171f1d4f5b369abe2b22d61e,852,40.1849,143369.5401
쥐라기 공룡 무덤,577a231fed4029f30269a0bbb648f0bff8abfe94e88258db8ce33ad4ad8504fe,828,25.571,115876.5427
WKC 크레이지 10,aa3e9464fb5ec94b5daee8b6848c18d3ae9f441422f99f738fb0271c8a835bf6,825,57.1741,55246.75837
신화 신들의 세계,5865397bd41471250d1db58583decbfe5a703d6a59facaeae229c527b58b832b,821,19.4186,101571.0164
빌리지 손가락,7b64acf01df51b2bf6311792c83dad29b5aeb257e5188659b073c8f48eea6722,816,34.0359,122023.1929
WKC 투어링 랠리,40cf59a454ab971e82a900b0746b9a62fa21322789f6357b03c2edbe2961b080,796,31.8032,103408.6554
네모 장난감 선물공장,0277723f47a20a3089c02beed0c6c41b0e904bc17766efbba565b8c64e608179,793,29.6052,86413.31262
브로디 비밀의 연구소,4cd670f582e1fc5db858df3c43a51adcd645053ad3c2ea2c49120e58f61f17e3,722,26.7114,148265.8353
쥐라기 공룡 결투장,5873d5fe128549b597e984c87881e7d0ab632e381073164fe513e902f48a3ccd,722,31.525,130863.327
차이나 서안 병마용,95fbb45f299b72e7e5d1f013e56d528dd5b67fae6a57a1b8ca3b2eec7ba84bfc,719,27.9943,126784.8518
차이나 황산,243ccbc7e0f66415976bd36d3718821c2af1440d16e923dca6be7a0b4bc1c02c,700,29.2355,92349.79707
WKC 싱가폴 서킷,f33646e9f30c6f7bf26dccd3fa2a5a7e3c5d90c405645142a35523f86290077e,697,31.4726,150515.2629
차이나 북경 자금성,3c03b354c083aa8311b62221f535b6228f935e9b3a9352b0f2c1c71ac7833544,677,30.5516,99913.85543
월드 이탈리아 피사의 사탑,37af020d27f898e4fa9db2c96ff97fefff8491f49b08bdc68e71c35e43d53b7b,661,34.77,82842.09884
차이나 서안 병마용 2,defe560d53c3def551cc91a61443ac19709c0e58d102c1167c54a3f304422c6b,647,34.9315,105892.1699
빌리지 두개의 관문,c93843288b6c038f11328c0e4a4dae0663a94154242059e1a62f73503e84b104,618,26.64,107314.9083
빌리지 고가의 질주 2,751e252308abbced14f6a5efcfb555c28776e6009ca3c622eba35788e70a3bab,614,23.071,120311.8178
1920 기차역 질주,ef680fe215b564c5a1a78877dc76afc367d3d795290da240644900eba24c6fb9,614,24.4552,134624.8645
1920 아슬아슬 비행장,0b809bd33246fac5d3b39ba8d2e274999647174e43ec4645865d4dc349b08290,572,28.2521,158667.1022
포레스트 골짜기,1c5787c05fa0a0e04f2aff585f471681dfa0f35c9fd404d97ae6f87f6a4831d6,517,27.0075,117279.5403
사막 베거이 시장,6b4df446275a17345901a06f1e89ae7e2269c81b63d548043446c8cfea35312e,509,24.5842,92674.96904
포레스트 기암괴석,1f58aaa5dbc7ad73a2ee87a280407194b2a9312ad893d763d1dfb75e75e98bf6,505,19.3417,89444.81309
포레스트 행복한 팬더 마을,063bb12532648af822545b74a44ae0b2149561f9d2aa0110e0fd518b551d1f7a,498,25.6235,94543.74644
노르테유 익스프레스,8a9b71d9a9a3d56c3ccfbc7ae9319ae64c373e4a70e9a704adf58ef5eb1d7c30,491,33.4838,155985.8051
코리아 한국민속촌,07a32fade9a89ff19701f25a533fb3fdb475f35051f18626b4b380b439bd2c20,458,9.9939,84140.11052
마비노기 티르 코네일,35bcf80c3a600ddfb38108b3973a2e1a9da2ecec0b55356b306b0902bda051ce,428,4.0044,72537.54776
어비스 배틀 콜로세움,519461f08096c7cc64734db42d0c5a7f60e9bd49ac204054ae88cd100426fc7a,408,31.0891,84218.43333
대저택 은밀한 지하실,cef91d19aece7571a2e667fe0240f92a010af6c5a6cd68e11a166d69124ee432,392,30.6953,156250.6628
도검 월하문,c7b28e6fd036b7402a783cfe17ded73c190cbe76deefcf12cacbcf4b4ac62bc2,359,39.2139,91892.26277
네모 네모난 마을,5f81a79868eeaaf98cdd18b73608f133796daa093a4e6b9ffd212e17d571c911,333,38.2643,6034420.952
해적 로비 절벽의 전투,cae537e121a653ee0a5153be514985339e74ba24139b5eb5a5249051b1538536,329,25.6763,138252.3761
놀이동산 360 타워,69823fd6dca63aa52224f9cacd2b8f4d4f09e571a2c9fde955207fa9303cc39c,303,24.6057,113951.8555
코리아 다이나믹 서울,3db76c496c3c6a4ef687390e502684e519c224f634fc84404b35f1733d98044a,293,21.19,106087.4744
황금문명 황금신전을 찾아서,a92875e4d4ce9d4b02b02689f1302afd981b9695cf79f8c6e020738f1a51e8f8,291,17.3951,92923.23507
동화 이상한 나라의 문,8636765b6c151cc264643338e533587ca763f74879334a1ea38c15202d7923e9,272,28.7346,160767.1067
비치 여객선,e3d4e8a51519a47ec547c04e7499ab554259cee4760ff0daefbadc0f5bea8746,267,19.7245,103050.5666
코리아 롯데월드 어드벤처,f99343b37c324637a55256e55855091493e4caf0ac11cf41180497f5a7ac453e,242,27.7376,116906.8015
차이나 골목길 대질주,0361c45cd275f107e28c724b75d5ad7ad9ba1ad70a35c0749cae2d2469f45a53,241,26.4033,153379.4286
도검 용의 길,2f184ce623a385b96bb394fa27c47af5eac270779e8135bd57678897888419af,231,5.8172,75392.41456
올림포스 제우스 시티,1b7ebf081f26efaeed6ed4810576af1bcc417444fd3398f41188582325b7c573,224,34.1594,129957.703
팩토리 두 개의 공장,b9296f71afc024cc6c2b266a95763e829adeff61017f89d2112af6fd31609af0,219,20.3043,144138.4442
광산 꼬불꼬불 다운힐,0ed0edb9c63c3ee5c01b80b81489280c64cf4f870f61f2a1c37af1fa37537878,216,37.4391,115770.5899
메카닉 잊혀진 도시의 중심부,42b6465646aeda1b986109bc846cc1573deb50b2d32c03ec552de7f91cb3ecb6,215,35.9418,131954.8394
아이스 신나는 하프파이프,140b554399a7fd162fbb6431604a5896eb0dc29515998dd5f7562042c87c29fc,208,25.2167,107763.2206
황금문명 오르에트 황금 좌표,d167c7195cee3b4e65cf30f507affb0a85d00a5babfc6a1aab482b137698e384,203,23.4948,118401.6862
문힐시티 폭우속의 질주,f6267026ed1b001f903044cded7817481037304ded026de27723a1088aa022ce,202,16.9391,106554.0102
올림포스 하늘의 신전,df68db9c0e005aa9d17ce9363f7829c27c926638ce141797950a97e1e30844e8,200,34.6977,160550.1074
공동묘지 해골성 대탐험,73f63bf9df6bc787e5673dfd57b08a70823d7ec85419edec005e6c9767c11d7c,198,15.8002,140907.3322
도검 구름의 협곡,2cfb3901726c6ff7995ab6827ff476bb90c37061f17e52b51956987788233982,197,25.4029,124597.2042
동화 다오와 콩나무,a9b35f6d3b3e773d5f5850c715bf7e92767cbe06c57ecdf5f5acdda9c3856cc9,191,6.6746,124312.44
마비노기 이멘 마하,ded1999af976c902867eeb1de59a1d0aceed86795bbe7cb6e5d996ec8d1f98d6,187,39.9194,110658.2175
포레스트 지그재그,10da0052333ba15d203a7fd614a2fd0c3103e5e1245ac83f152fbf87313be1d9,184,30.796,164492.4711
빌리지 붐힐터널,3825dc7e5a7133b57445e1d0577de668d26d01815f41cabcbf6f9fab3d4a0de7,173,22.4219,103797.4415
사막 놀라운 공룡 유적지,9dceaf636e51daf6ace6d8e5a5be4df7bf78b9745af14a29a6763675a604406e,166,23.9368,119216.7514
해적 숨겨진 보물,0f19e10245930b0a3a07da92eb975e0525f975f40e357d8236d9cfcd056991b1,160,55.3579,164645.7444
문힐시티 숨겨진 지하터널,1233ae640c1c77c42582dbd4d0e6c89f608c7d4e4ec420989b2e0c2d735d9b2e,160,35.8025,162596.703
사막 빙글빙글 공사장,44cddc0e408d2c9e53458e300bfaca38b9c88c9fc835525c6a49cb9397fe0af7,159,13.7081,164596.3138
코리아 부산의 밤,4d762656729c3a123d5bd178537ca274f36edf5ccfbd4ab9e3a9afa8bcd7ad68,158,36.0531,148992.1875
아이스 펭귄타운,c9ad9e3fc464391babb8493a89e719418d677642e91d258a77b87d6431273d85,151,7.8534,93200.17347
아이스 설산 다운힐,cc9fdad4e72423f485046ee5e6ef4fa243965d06d83b97581984b6067ccff0d9,149,29.2339,172908.4262
팩토리 모험의 시작,49832328c9467bb0eb62641a12b5f778d66d75c8ff8005b0ebefeb50a291aa44,148,12.6394,94791.04
포레스트 대관령,39d88d8f40d5f3c2977eeeb4a33b15905bb8a8180351408fb33c1f82dde695d8,145,25.0332,101386.5734
메이플 꿈의 도시 레헬른,de4a1317d1e2ae4e0008016fb90c08c10f7914eda560ff90e94ce1d938ad4dd7,145,13.11,117636.2652
아이스 갈라진 빙산,671040f92534670fbf0cb2f6b739c0c22af66b8255f1a3b7f5003ccac9a3d467,141,34.3066,137349.4024
메이플 헤네시스 오솔길,ab811beafbd17e6ca2c3f9333517b3060a3b6fe54a1a16e77f8eb8a359dac281,138,30.8353,109867.2441
빌리지 익스트림 경기장,ec21e73ee437dcba5b4474bc001b93c1bd66bc2dadb2f754922b2e2bd289419b,134,29.669,126666.0305
동화 잠자는 숲속의 거인,3412059e9c31e8b1ee8f0d4b896baaa9ce5a1d45be13c4e47ba3e52b20c0c638,131,28.3181,119414.9968
님프 바다 신전의 비밀,7ee426a93b93837007dc241a3d3d5a8c279f4e1ac1511953702dfe5aabb32cde,125,18.3004,164642.974
포레스트 오싹한 공중다리,04f92b232ca4800a63cc076321c9c163aba6490bd83e8192c548cd6ab6edd532,124,37.8284,151652.3302
해적 짜릿한 고공비행,ee0d47aab27e5c1c6ac3ecce266f5898a7e41c120cd29acf06f83dd2af62c78c,124,2.6455,100880.4733
아이스 아찔한 헬기 점프,4975c9d0fbe19990ac1bc7fb0c9ce63193b0fb2d023692e939fa8e6b2ee74bd0,120,37.5,161287.0149
도검 야외 수련관,200cdd72f4401f11540100b0aaad58ed389120f86b86d07b848afc5ee7d6ab81,118,19.4494,107269.8442
공동묘지 마왕의 초대,1372d79bdeb7f042bf0c18c7d14c4bd46c2a3836e708ab5e03785d092edf1d66,116,20.6533,150073.9911
,17b524aaf68170df0645c6f9928cfbe2bd7f532b384d99f59e47b2c7c1badb9e,115,21.6895,102473.9423
광산 위험한 제련소,af2c1e78a4922e6e83f09ff1b3e9cf78e9da87d5b3b7dec1c1324959a782d278,114,32.2259,175218.1217
동화 프레티온 목마,28d4edadb51367fb04a33d2cccda0b88453c61062c1c0e3c7ef7d4ba347edbaa,113,5.4393,86439.93478
네모 강철바위 용광로,f3bfb9a442c5f7c5186434623b62cf5f9817477bcfa752fa62afa063e137aa51,111,22.7273,130581.9817
빌리지 지우펀,e7de2392c3e6453dd8b9ef948f996b9002ee8062815e7ddc9f36a9b101a2d8a9,110,22.4453,97208.93617
노르테유 전투비행장,2130869de49fca50ee7e7aa877ef9e2e815bd9e071dca0d63afaa5c2c2493082,109,24.0741,123795.0444
카멜롯 펜드래건 캐슬,f22f8ac7e58af894e47c2bef43860e41662216dfe8e9dcb2ffbb8263364eacc6,107,24.5098,141294.2377
팩토리 미완성 5구역,799dd082c3022634391f8775089c0a25fc4df61e539772958b8a8416e0d77e6a,101,23.2227,114521.1752
신화 빛의 길,7c487cbcaf6946eb555d4567e4283a16c9020dba116519bf7fac5f160d9d2123,100,20.9906,121245.1241
어비스 스카이라인,bced4f65cf36c22df94c6e26436e37f22b1cf42b5878e2b1edbcdc08df348e6f,100,28.1297,112953.0685
메카닉 숨겨진 탈출로,c6f041085945e13c1d629217bd5949bd05a29c34a16eb0b304d48e9f91b09b13,100,23.5135,106529.0153
[reverse] 빌리지 시계탑,ff6e6029669a69a0a8303ad7e07c353fc2b87fdba45ac4ee1af6461b310698e7,98,61.9589,165097.9286
황금문명 비밀장치의 위협,81adceb8c0a07688ef8e689b8c94ad7d9c6181ff4bcd951d710d60543c025a2d,97,44.9052,149571.3138
광산 3개의 지름길,ef4f4e6dc055d1e1a32804a7a0f1e0e659151111dd65420957d5e927d4627bba,95,45.5434,134245.8663
해적 가파른 감시탑,1bc4cb7c6999b3f6fc577f558af85a1fc07069acc9deb8f176a851b18efd9dcf,93,37.5583,133599.1282
아이스 부서진 빙산,a1afcfd265c44554a07cb568760c0f8b8b5bacce0f3d36e438f49f86180a42ef,93,31.665,167903.9826
쥐라기 아슬아슬 화산 점프,0c18b2adc1fca7a4b6919dbd813fa8584c7e6d51de92712fdf454a3e3626fcd5,91,14.8148,97581.42
동화 마녀의 성,2d8034b4b3f6e9cc6e651c8355367a911274b312b0f7ad0626b0eb0333051b53,90,18.1347,154011.6242
신화 차원의 관문,2fd45f66e1c8df78c260aeffab51e3d9ba41bbd4a3952a37ccf3c0208ecaedb8,88,8.8323,139600.0179
포레스트 아찔한 다운힐,f38a823f538978875a9e74d618592b61981cebd1bcb20bd3085900b41de3c3e3,88,24.5856,159438.3571
빌리지 만리장성,1d6c828cb522592eb4731b04a70888937f555034186810bdcd96e7b333095101,87,22.2335,140865.4078
[R] 차이나 골목길 대질주,e82af6560cc3d9bcee89b0a17a335914175c67fb51e666dcbbb501aec2aec030,87,44.7384,168234.2324
붐힐 드라이브,9d9cc7c84d9542f6a3e4dc6229decfe93fde3e76e8abf7941878446b59582658,86,39.7069,274771.4396
차이나 용의 운하,190b0af7c6b957dd9673e528124fa2c40d903250a1896d5f0e42ed79f0c81e4c,80,19.0011,151220.962
대저택 럭셔리 거대욕조,9ec3105e4802b2b042ae7745d39724d28a06af9b0a58917a3445a94c28589f4a,80,35.2166,96550.26415
메카닉 적의 포화속으로,0904b83a74166546ad4e201110d93e7bd60ef227919e9e1378c42e8045175625,79,7.7778,90181.96875
공동묘지 유령습격,061107e201d7f70cc265136cc1e6f7215f787185e53f0fae4e5481b6e9040349,75,3.6649,83720.15625
황금문명 고디우스의 분노,a8d8c2f9db173be8396add9e7d047f96b4d6d4f17be4248ccc0e1dc6e3440bcb,74,1.0274,79515.04202
쥐라기 공룡섬 대모험,ee4e6c6e887007b24a7da342a193c349340be1d324a90a474537302982c1a72d,73,48.5628,147814.2523
포레스트 통나무,5b6c40e7cfb59dbf50476b17f26de58a18a4be58f7b07ba4b353eb7b6c0fdc2e,71,31.2701,115517.9448
코리아 인천 센트럴파크,4a62fc54c04d5a897107f741d71792d14ba8968ed49951c1390a4f8486ac92d4,67,11.0687,120242.1089
코리아 전주 한옥마을,0a2bcd781bffefe9fd176f3683c7dff645a9d179e4085fc47c137f439dbcd7c4,63,14.8036,129072.5094
노르테유 행성 저 멀리,0d16ec038b9a8f6cc691b2dbc75ea13cb92e1e3dd6562a1765398929d8f8d059,63,36.8421,84835.97222
빌리지 시계탑,0f143c77b9a4cf1fc7343a1a88a62928473800c7bd02fc9279beb1178d1d1a1c,63,40.3996,128849.1594
잊혀진 모래의 기억,d1e3708e4f841bc7a94f372b459183da29be083e4ea3b2616b984a3f2928be60,63,43.7962,197395.3243
카멜롯 전차 추격전,de7d51d665886f5ebe8f54095276af5b54e0c49171b6f818c73faec4c59d2dcf,61,27.2242,85933.57237
사막 피라미드 탐험,dc80a4c9f653174e14012be6ae531f795356bddaa689121c315c5b640f1f1ef4,60,44.5559,110776.93
[R] 어비스 숨겨진 바닷길,eba0da905cdfc0070e86b5150336c4c0590cd59056c3d44a6d287636ec1da611,60,49.7154,285271.8659
신화 오딘의 궁전,40c309ab0a138e090c42d8d265bc464a40196c338c899c04be8ac83552f5a30f,59,26.3514,136810.7288
빌리지 손가락 2,90eec0c786ac7ad4be603ae3a67965c9ccf8e928594ec7941fa44611e51bd15f,58,19.9461,175579.3019
[reverse] 빌리지 시계탑 운하,97e10a4f59bd19d60888eab81c4e2ea53f2579bf99a5195cf298a211711b6303,58,65.1047,188735.8043
브로디 에너지의 원천,bd1df39255690da9d335e0054a2771b50c9af591a8be1c26a939c4b449780be0,58,5.1471,109077.973
절망의 카타콤,60b648ee4485f1eede64e3e9b5d71752d6237ddd3650bd012f55176701b835e3,57,39.0328,301441.7818
WKC 브라질 서킷,dcd0ec84cf5920e12ad5bc13461ba3deaab0bad143f28606b1db34426ed263a2,54,33.4056,138557.8602
올림포스 선택의 문,bfd558c15104ec3ef0f182893a3c9bd77052ce7675028c86dd92a45fa52e8ed5,53,12,75268.31667
광산의 지배자,03f7cfe4dc950329d0fd519fe1c5755b54582b30ebed338fa605b4ddd04c0315,52,39.7313,373421.8556
포레스트 통곡의 절벽,4c27123c74544b9ec5503f8ff37a0aed4b6257ad900abf2fcb5e6c029b78c55a,52,31.9175,184486.3821
어비스 숨겨진 바닷길,4b46091f3a72e4d4425ff0793b3791eabbc15cb84f762c302c750483267a8a9a,50,44.7979,188711.1296
[reverse] 사막 빙글빙글 공사장,b925d9e4efc94e1f61c300340eab1db324dc80476d73fff1668a1767c98201f4,49,54.0096,198813.9802
,619d446ee03efe7f0c4c4a18d619519a1c3487798f6b0b8993f365318a3feb07,48,22.2717,94948.5814
네모 메디아 은신처,312525ff7273befba2df23ea3ff2936fbba4ab4ae081ead545ceeef3f6d1631f,47,28.3186,84429.32075
브로디 거대한 에너지 생산기,47b79bc1e96c3bbd71713218c4b4ff374c91b922e1c59b2edc14651209ad2929,47,4.8193,77925.01818
광산 아슬아슬 궤도 전차,f4d1552bfea034d5eed948e632b6d2e1a210983ce485b0699ece061841893013,47,35.3234,133395.4268
아이스 투명동굴,21581b3c79c6dc8cff34d169593115a642c3f5c066f57d8db2a6b1b89ecaefab,46,39.68,102043.0122
[reverse] 포레스트 지그재그,72a02ceee940d4a33892b828515e07d7695dfec17534452f62839cbaed2c0f98,45,20.777,180208.3186
월드 파리 드라이브,e1fd0bf641271d2baf88a1f68a779a375f5259c56ad860a57a5cc529dfce98d5,45,16.5992,115577.6267
마비노기 바올 던전,a9a8be547d729112e02f1301f2b6a43ee3cbdcaad32c3d926811aa6c9bd2c1dc,43,48.5089,124922.9109
대해적 로두마니,6c9a71c4d3f843af9bf3f129cf9f4a213cd79f73db8f016ae7a005703c0cec0e,42,61.9621,307164.9351
마비노기 던바튼,f62450db52ad3875acb8eceeba700f861fa3e510e316a07466b97a84737fea2c,42,6.5068,92856.69565
공동묘지 해골 손가락,70b1478080c29c0058805dd742f2d0427f7e47dafb8e9f847d9d25b93837eb22,41,35.4688,119660.2338
해적 상어섬의 비밀,9e7607980870bee91d7353f86d449f988480428b7e8b10d7be4d5be2e54bbee6,41,28,179913.4875
어비스 운명의 갈림길,6d9074afa379ec224ad4e77da0fe41e3fc1495557fa66ec4b0e20f41d85e832c,40,29.1632,103484.7686
공동묘지 비밀의 해골제단,6fadee14cba0c0795841e24d4f4ae58d2f5f74956c5d23f82edb7bb1aca54916,40,0,88458.4
문힐시티 터널 속 무법자,c9d352942e136a8fc1e56d0772f00e29149252aebc222ed77ad5feea2bacf6c3,40,3.8462,98267.57407
노르테유 붕붕 점프,75fe6fe1cf114683a0308334e9a9079f9882ba1dc9124dbb45cb5b257e1e4c9c,39,24.5014,99617.0625
월드 그리스의 휴일,783f08e9fdaa169ec3138eecf72451e9439211d414e200e65462bd318fbef9c5,38,0.9174,95892.96825
문힐시티 지피의 시청광장,381322773234251df86c96e4745cb63a77fb2c43633b7a1cc032ae7677c5a0c7,37,19.0323,111661.2233
놀이동산 스릴만점 레일특급,50fcdefd4c4bd9c6af14151be6c227ab661255e920a043ce2bf2bc03426480f4,37,38.7805,125769.7705
광산 보석채굴장,cb9790f64ce28a230f7a5d76945adb36012a2acfa7108b5285f1af8f00eb0e0d,37,8.9744,123612.6415
[reverse] 빌리지 운하,ce4a7c488607311283b4e3948d18c45140e6be9575b27a204f5bf32662b18c91,36,11.5942,80736.87356
,17b78e6bd13587c22ae01ed73fec7c2bbebd2509f4691932bcbc1276b03f67ae,35,20.9302,123104.4474
[reverse] 해적 로비 절벽의 전투,9543832bdcc21248c9ebcd1790867a0c268ee39574dddab2a4411dc40dca7065,35,31.2655,163432.1923
놀이동산 워터 슬라이드,4ac2a1e802e3c2f6370f55b8629879a84389e5fa511547f0f88d928a5583d7db,34,33.7963,108592.5484
문힐시티 지피의 미완성 빌딩,6f39b6766c8a93b662250c86c038154139b42448d12f0cea3adbfc45d16f4788,34,18.0645,94595.78431
아이스 짜릿한 동계 훈련장,88a9beef1044ebe0987d8e3df4cce564df126710bf92099784a4f037932901dd,33,3.1056,135781.2182
비치 수상비행장,b04674084c57c63a15b87495d48e654fa12a96342dcac1b27f645bb891cdf0c8,33,35.5422,151069.087
님프 요정 마을의 초대,5be6b53ddfcab325d85c16b5dc147d1f47a258e7db0df786554ccf46c053bb55,32,45.1613,91370.34884
WKC 싱가폴 마리나 서킷,e86138a3a04c138f991da883d4052ff3a00624ba9eb29d00452948d908a0de4c,32,34.6457,109445.9524
노르테유 부스터존 점령작전,28bc49ae36eecd5016c5340b31d24cf981567b5ceed2b642798256007fde9497,30,23.9521,109147.4583
도검 두 마리의 용,d6dba79d27e739554fb7c948b99868a381599344fb512de17e9392dc8ac405ed,30,25.974,120456.125
네모 구구 둥지,b891b515ffdf97ad4d5b3dfccedcbb37a66726748700ebb6033e0bf8803b4270,29,17.9688,118697.6522
대저택 루이의 장난감 천국,e60a23798eb0f55e5867398340696299e9a40dd87ec6e9aac92c48e99eb1405f,29,52.0755,136255.3721
차이나 빙등축제,f5d05f8cdd97615df080dc7e90ae00cd8fcb7eb2b0f711b9b250560a386a713a,29,16.5919,106815.3889
차이나 동방명주의 밤,fdbe9025514e73fe3e4f991d804ede46d2deacfcf8aef2d055a12dd63d225d0d,29,16.4,105609.3824
[reverse] 빌리지 두개의 관문,4832159665debb49f2f6709f8e1d1cf31776cc81d6fe8994573422124ad77555,28,20,115265.7692
빌리지 파괴된 손가락,64545a5d692993825d08d5e8371fa648b94b58e2a27492975eadef25a0a4119c,28,34.5382,118006.0943
빌리지 수로,12aaddc5615a4fe8c4c54239036f3d37302a1c0545893d3691f16e6a8e415916,27,26.6667,98716.46667
노르테유 우주 정거장,595e1c7551d7047a005dc946334dbf7ae8a32950ea45d5e161e56f99e8fcaf20,27,30.1205,100926.7895
WKC 상해 서킷,c961712df23e818c056b2e673467aca3e173b7bf53ee8e35cf9a3e75a3dfc0c6,27,40.4624,104481.6098
프로즌 브레이크,1453aa9e2308993cb82d223d1b3d6a57e9fc6d3bda86dd67a15f90783bda95c3,26,20.4082,147384.5806
더 월드,d192631c097fabd265a7fbe5f11925e4d0f631aec460903e8e43167249864aa2,26,31.6901,124515.2857
광산 롤러코스터 질주,0f2eefba5aa38ebdcd9db6f0a16b2846b4cde3523297ce6f227245169b21fcf8,25,5.8824,85098.18519
노르테유 코스모웨이,4211bdfc90ebaf0bca5f217435a71a11c89d4501878182e75c7e7db205a6053f,25,32.9032,105580.6
월드 파리 에펠탑 다이브,9890e87e111a0f541605c38c96e06597baba843c1f71cfba5780ace4aeb046fb,25,43.2692,163966.8571
노르테유 위험한 지름길,675f5b561f22f479152459f813525c0b20d34d5b719c780df9d5a153701a18ca,24,26.6187,127196.5968
대저택 루이의 숨겨진 비밀 방,7dd5255d3156127de409d8f3052b363505e92fdd40e48d2b9394ab51c431aba8,24,13.7387,109768.0159
[reverse] 아이스 펭귄타운,9010c6458f7ef173fad3206019b8d2ebedfcabe566854e3dcc8304ef914ee642,24,22.0339,95459.17241
쥐라기 디노 마을의 초대,93b360efc0038e55a6487d4ea45f0a166a788eac8cc11fc7c9bb5c1a2854523d,24,38.3648,127326.8286
[reverse] 아이스 상어의 무덤,9a7262a6f5332ee9a754a31471e900b099ab2701d951527c6c8441893acd10f3,24,17.8571,108101.5217
팩토리 브로디의 심술,ee9f7fc6ac66066247bc8de759996057ae42a2a5d2283f066901a8ab775d6063,24,36.039,106409.2619
해적 폭풍 속의 질주,02cbc0e83890810b3a163465021b4bd06e3deb39cc6d58be55e978f498e889d5,23,9.5238,125151.8125
공동묘지 유령의 계곡,273fed281edcd5e0bf8ae1cba6718b9712ee70ce5ed47ce2c1a6c757d3c04f5a,23,46.875,106352.76
[reverse] 아이스 신나는 하프파이프,a2e0bb3c8c15d2ba26dff31c805d5ad487d14e0fbdbbd64ec5922adce468ab6e,23,28.5714,105285.5957
광산 뽀글뽀글 용암굴,b6160acfee797e5ef854bccb1e51011940f37acf67ede61d05eafb3ba07c4ade,23,9.0164,95892.86111
포레스트 폭포속으로,e9c91438145dfe4b39e0efe21586cc15343301740e851370949d9e2efcda36ee,23,16.129,103772.0294
님프 달의 정원,00ee846f64773280ccaa7a608e10451eff13d66db07bb2b3ff0862d5e5e9ef5f,22,0,88609.63415
사막 지옥의 모래구덩이,0315454edc50256445089165bd56d0bb41d96f3678df8433a329a6a32bea3557,22,38.191,91471.21053
[reverse] 포레스트 기암괴석,39d77c4ff76d5a4138889076c6fdb2a923662fd99a3130467afb5e2f55126acf,22,26.2136,94561.45714
[reverse] 사막 버려진 오아시스,c16a7aa92970c8c73cd56fa3dbd6e439c08b3f490b945cc52c6873ffd236066d,22,18.5714,87488.2
[reverse] 사막 피라미드 탐험,cb05dd0c8a0d6bd1f5db14b37e4773ae05a6ddb64667157563a408218b0f5fb6,22,11.8483,125402.3778
1920 수상한 증기 공장,59a8b772a3cf2b0e970921ad2db3750fc92007764c978427fc5037188ea7a270,21,41.2698,152225.1351
아이스 상어의 무덤,948fbe64f88edab62bee5cb434a4c2176de82dceb4347c6a175700c7942f466e,21,2.2472,103099.2647
,591c9b3326944bce57a892700ee01112c91952201956b746311f8dd28e2ee1aa,20,33.3333,100799.7188
[reverse] 노르테유 우주 정거장,b6dfb0c7b88999adec4f84319331caea10034ee2f99d7d6dcdb9dabb5be8a2dc,20,21,86172.68571
[reverse] 포레스트 버섯동굴,1db419c9a0f68ebbc312129ddac8a15563eb3f1b46a5e9e65f75db14714881c8,19,27.619,97162.21875
해적 어질어질 부둣가,980179aec1c97ce2bec7893a86e42e314dbcc5bd043f1501e7f207519dff21dd,19,3.0303,111795.069
[R] 마비노기 이멘 마하,d8999250627bf15be365cbbcad09e0955dfaf67363ed267a2cb5626641d25f31,19,23.0769,115329.64
문힐시티 조심조심 기찻길,59df0d094f0b1c959f04837be83bac9ee1195094cdc9de07911845b90d88a364,18,13.2867,97545.32258
아이스 펭귄전사 눈덩이 공격,7a5781f2eea5d8450bd2b8b29b654e1e4c472da7d1cd10e7d5cb83e16b115680,18,45.8065,133023.7419
사막 오래된 송수관,c694e62af4eed0e793b0091660cb46de6384748e3d5848dbeffc2aa0e0e6bebf,18,47.1591,145637.4375
황금문명 신비의 황금 콘도르,d0ca9c522ce995e6bde46cd83b45ae5bd19b79f9456bca5c48846956cb152b79,18,25.4098,92738.27273
신화 꺼지지 않는 불꽃,ac81decc7a05c7a3d2c54f40ddb7d334819d96d9969a24a086cc9002ceb34af9,17,14.3564,97579.5814
WKC 호주서킷,15f65f1af8f70d12a8861b508ee19e5a6e9f0c4928e202080ef430f329032bb1,16,31.5508,104878.7059
해적 위기일발 대탈출,662835aa0c5095b81119fae0f69430dd1e992ef42789bfda5047b407c31d4bce,16,60.6897,117604.6364
아이스 공포의 하프파이프,839e2089cf401fc9afa5b9b7778ab094a8bacbe7a306cf9f75483803c9579312,16,31.3725,97670
[R] 마비노기 티르 코네일,ba92606e7f3a75289caec57614a99fd46d4fb3672106b95ae205b7a7d3387283,16,0,80984.91176
[reverse] 포레스트 통나무,692fe5afee5a6423472247e044d61f813ca86a3bd72e5af67bee59db8a1a0043,15,45.4545,111967.2222
노르테유 숨막히는 터널 탈주,8ce3fbd59ec7e773679fe21976b82836b96613353ee41b89c0f33a624723768a,15,34.6457,90572.33333
어비스 바다 소용돌이,9a7c87e81373ef60c8650a3442f381af34cbb7abebef00f1401b08f67c66f57d,15,54.5571,137484.1163
올림포스 스틱스 익스프레스,a75e2b36d82e9c459005126670ec57100aaab8d49191c43b60e85af617c4b74d,15,22.807,144621.6
[reverse] 광산 뽀글뽀글 용암굴,bd32a044b5ed663c5f38144eca6f544aac707a86bb86ab48d8eb089fc0958249,15,8.6667,123355.9143
[reverse] 빌리지 고가의 질주,e3c3e923733336482a975273d2c511e2d669280e25a6ccb7f240e5efc8d39162,15,23.5294,127750.9643
포레스트 유격장,e9ecb0a895259e99960224be44e0228032c31e1dd2086ed0ca6bb7cc6687af69,15,42.9429,139701.1935
[reverse] 사막 베거이 시장,37cea640bdbfd5d8c7f0919ecebfaac11aded2d57d1bc6a68b95444e24cf3b62,14,53.4653,91305.44444
[reverse] 해적 짜릿한 고공비행,af3dbd3c7844f01cb430e3ccf32b53b1cb313f544e45aa19e9f791f3ba0c875b,14,23.9583,117338.9259
[reverse] 공동묘지 유령의 계곡,c8195d7642526dcb143d9c0ea0dd5f64af092b87f086a73c658a9c715f465be4,14,25,163080.5455
문힐시티 도시의 두 얼굴,0f05f98d93db64bfc4d71e3f2844de75ac75515d58813b1fb0ffa22c0bf09a76,13,0,100466.875
[R] 코리아 부산의 밤,117ccdd8d967875214f83cb71cd961fb4c88817a2548f5a4ca3e416b2b8b33a6,13,44.9153,162327.7917
[reverse] 사막 지옥의 모래구덩이,483be3f4aff78fd050d162dcced7687b5a50c3d46ec21d9ae475e48d8d4eb95d,13,42.0561,106891.3684
[reverse] 노르테유 붕붕 점프,6cc07bd9cfa9699531cf954f8fd817d5a74d889d4a996ae18d6809c501a50e18,13,29.6578,98416.63158
[reverse] 빌리지 손가락,8c6c35b3142ea8f4f882f28e0e218b18e99619121fc3a0d631727dce0dc54c6a,13,6.3107,140167.697
빌리지 파괴된 시계탑,a83aa53e5f36f12cdfbaf4cf7cc64f40b65b8679dfc90c6b40f9c78fa506fac1,13,43.5897,140053.7391
월드 이탈리아 여행,01107ff0883daa9291109ee93653d61287718a8539942cd0ab42f0e8df123ee7,12,21.1765,113107.125
[R] 코리아 인천 센트럴파크,17363de6ddc6616f0131c8c9a8448f1a2f546f94f1bee8792025f4298b409836,12,17.9104,130067.1739
올림포스 여신의 성소,25cf7b9199c2116a521e10240c06e0687c04f8be5fcdd352fc0fb0cd6c92eb22,12,43.8776,123019.9412
카멜롯 외곽 순찰로,4cdbb5c58c951f3442fe95903edba1a6b4ad8d03a1752baab3fa43a7ca78b8e8,12,21.5385,134790.2
[reverse] 사막 울렁울렁,62ab050620ae59b6cce67a2dc244ef96ddabf46609c62fd6b86c1c64228b90ab,12,22.3881,143705.5714
어비스 지상으로 가는 길,9ee184ed580f4d630c23fef3066c60dc10c7ba92596ee6f7bcdd68551b858186,12,26.8775,173631.0714
,13fad95b4bb5aa96230d6833dc82fe0d449dd1064ee40ea2a58cb924199a09a0,11,8.3333,102422.2308
[reverse] 아이스 투명동굴,2f16e5de412823af0c22c3ecac8661e7fb5040b5e291b1e05ff97c2aef4605a1,11,0,102501.4286
빌리지 댐 위의 대결,3ffb7af82410f58508c6464f59540fefbd67b81299fb8ee67c4bd2ca1ae91a36,11,29.6875,163383.8421
대저택 버블버블 키친,572784edcb6823a7334b87a1508a53beb79a0e45577f7ff04a1227cb3248f6cc,11,2.1407,95933.13158
차이나 북경 경기장,8a222f3c0b4d6ca2185a353dd55048139ec934611528e844869d65c9989f845d,11,9.8592,100828.4583
노르테유 우주선 침투,8ab1ce8795b6dc84ecbc5ec0e74374da70fdf96f015a5875dc55f99c81e5467d,11,28.5714,106676.1579
사막 더스트2,8cf247d5f9f9b5b5754e71b0e0a6dbd7d8530b3a10d2c2852584d551f2ef8510,11,39.0244,155531.9231
신화 도전의 전당,a7fff0c4d7687a07fe58ad86ca4fa89eb710db8d16497fe8a04d4d52c8a980c3,11,6.9767,101797.5789
[reverse] 동화 목욕탕에 개굴개굴,ce9c3929ba59a8885e09ffeae9c358ab14c373d2244eb20920b4ac6f81f3ed3e,11,15.5738,120660
사막 스핑크스 수수께끼,d662a8388be81b4fefdb0588ad81c1c81c48fcaae83311fb8b894887b8c8fd3a,11,15.7895,110258.85
[reverse] 포레스트 골짜기,da7042f11ec4e16b461c5b357efc7801ee6d0babbd588a18ea08d8bdf7ebb57c,11,0,114055.5714
사막 울렁울렁,1908f4d0f1f55b7fd09e6a7cb95a80e2674b35cf7f4d5bdf4c67c252f5f85238,10,22.807,128938.3889
님프 달팽이의 통나무 지름길,1a69d0cf51b5506a0fa144d1696050eaf2f2aa88424019be6bb6eee4b361a6d6,10,24.0803,127739.8214
해적 해적선 보물탈취,1f061c1658adae6d0080787254e6ef1925f1d9e8b24641fb5445ab0810021cbc,10,63.6364,113719
어비스 바다 속으로,3b8caa294c8d5bf3e7bf7fd83c2cea1572b2513621609e5371cfeb8680b9076e,10,31.1111,67996.2
황금문명 CSO 아즈텍,75df22aee2ef71b333f39719d90314da74743fd37180e026390c84c1b1373c01,10,38.9381,112845.6842
황금문명 흔들리는 위협,b3b48722195dd9a0c64e6edbd6c5f100fb343fd76e0e0b2c7dbe5d341bb66c08,10,40.3509,106394
[reverse] 해적 폭풍 속의 질주,b42aa37ab64a84034d4a578b4b4d9436d60c3cec34f17d2ec91881546e186e0a,10,26.3158,119829.5
[R] 코리아 제주 해오름 다운힐,ca43f46db381ef1ba5df75de71f370399f8110ba946281f6d4f654590b2a36e0,10,21.519,86747.42857
대저택 루이의 서재,d30e6af971d2ae1a27927e404b7366363081c27d749180b2fb1fe0a69526e6fb,10,22.7273,121849.6875
[R] 코리아 전주 한옥마을,d86e4c220eb701afc32bb3ec80a07e445b0722c208952c44c829233e832e92db,10,37.5,160503.5789
[reverse] 빌리지 붐힐터널,f4420c729a097e322ec8d96aeaf812285898d7b28abf2c8afa2d78c4fc8854b4,10,24.2188,116368.8462
사막 파라오의 안식처,fea3bf75fc14c46af602eb5ea34a3db4828f79f26e8317f545ca53bc7be488f7,10,11.4754,165540.72
동화 목욕탕에 개굴개굴,17129245cfbdd3848d18b95debbbb9c3ac964c7201bf76db96f3d4235eaa1d11,9,4.386,132508.2424
[reverse] 광산 보석채굴장,1cd25debe555b7c8cc2a3214de8079e1efbcf1c5480040229d891b1781483ce5,9,26.087,131291.7273
팩토리 부비트랩 공장 탐험,2296462107190735f1faa0fe9e016b3433022a1b18a95df7c4be25bbfd3fb1e5,9,7.1429,146823.8095
카멜롯 바다 하역장,46a9e718511d860429d6d9d984ebc0c93458c3571e7bef0621a5521d2e055c77,9,50.6329,131368.8235
월드 브라질 스포츠 스타디움,4f586022cfd223c04008f4baaf85b9613dd00fb080726e4486eeb3983c3a40e7,9,10.7527,106514.7222
공동묘지 비밀의 수도원,5d2b9beaecbc35c0bca082e8fa38327dc1a461abd1e4ad3bce69e427ef98ef32,9,12.6316,109283.4737
팩토리 우당탕 대소동,5e64c70625bf342c2e0d7c43f8c63de90c2b50a26ea900d370b530b6e9e38b5a,9,46.6258,152828.6667
차이나 북경 스포츠 공원,d7099e7229a47d541eaa24ef5583f8f52cf416ab04aa8e0ceb83ca1e837cb801,9,41.9643,102043.0588
,e6fa9012fa1589d59b8bb84749652b9b033cb3e09194fb1719b897e722cb273d,9,24.359,106456.4211
동화 카드왕국의 미로,1fa2522cb0c89f76473c12ebaaa9d0ebe7966697618d41a4e1c1efe9d9318c01,8,40,102881.2667
황금문명 크레이지 고디우스,3e9bb2755733fbae2a16dd5ba036b3712ee6a64b03398063cdba870a5a29c045,8,35.4167,122789.8824
카멜롯 순찰로 역주행,458eb75fb11d035d7e2e06fa76a5dd6bb9e5639a29c3c72b79975c739207a7e7,8,32.2034,137011.1333
[R] 코리아 다이나믹 서울,5d7bd88232504c6c0e8b6169965780c304df15ba1a32ff3cd0025f9a5a11d7a9,8,34.5794,117466.4737
포레스트 바람의 봉래산,7c0426cf5c9c5d8d2858def185bf3b6c199404924cc02a35558daad97a6357a1,8,10.6383,100206.0588
비치 해변 기차,9c755c11ae2f2d96dc6ed0a3f8099e9e1fc0f7df85a6d280270dfc4fa97b4ad9,8,22.5806,141286.0588
황금문명 전설의 황금용광로,a0ce29213d8914e499d4a0c1ae90de9d9c08ce67b10db311106c98edcf6a7218,8,25,114103.1
팩토리 거대톱니의 위협,b204d4ae87bf67a5d81f501b7637ed4386e1ed726a2312dcd2072f4173493bbf,8,77.551,107241.5
[reverse] 노르테유 우주선 침투,bc7ef806b0020edf11620ee2324901a1e3b9a0263cad9be99ec617aec7de6fee,8,36.646,156735.5
팩토리 핀저의 위험한 적재소,c5d2203fc4979dab295e07763de827776f4e83c373cc66ab03bbb89c75356b69,8,18.75,133235.5833
대저택 루이의 정원,161afd6993bff96474a478f00051a6a5501f8a900a95245dc88828064c7d4e70,7,31.6667,129689
광산 떨어지는 폭포수,2534a9e0a5d477de6097d635513b1bc16afb9d7ef151162035dc93cd421cc67d,7,10.5263,113444.1
카멜롯 기사단 훈련장,2ac0e5f5bf68da7b8e2e0090d8ac7863b713448ab5994b5fe46855829b419a7b,7,28.6486,115303.7143
빌리지 돌아올 수 없는 지름길,5060183c5b7865b3c023ef9196fca16b1e75e574b417d61b7badd9c0e837a2e4,7,18.6047,125010.1429
,7bfadcb26aaae8b3e767510da62db33104e19a1f7b083ae0c2f538603e7d2101,7,23.5174,105712.0667
[reverse] 노르테유 위험한 지름길,cb98c3b50010f38c9919405374be6f20780b2165d36ee4cdadfd9d5446372790,7,20.9877,109549.2222
포레스트 버섯동굴,e1f3044109009a3761fe00da70674d83f0f49f1371a1b1aaf641f41153ceb504,7,20,109921.8462
[reverse] 노르테유 부스터존 점령작전,ee75496716bd972dab57f4d0587f8912dd0f57d5e66646ce3e45af1bca089cfb,7,12.963,107316.125
아이스 짜릿한 고공점프,f8bd236092f87a1f007a0043c31d07bfbc5e97091fece1a7aecedfbd7392c6bf,7,18.4466,139758.65
비치 신나는 여름 휴가,3b3d58a41efb9b00da3e88874a90b2e97ce0bc43381e7adf73e0358c83b2e1dd,6,0,112619.3846
팩토리 부스터 제작의 비밀,5cd3ce58b251e4d4c8e5b678c75e077420eedd3eb00935460ba19d1941976bf3,6,16.6667,107011.1429
동화 가시덩굴괴물의 등장,be0096b2e062a404ea9d233f7d27c42afa7592087837607df55ab192ad3a2574,6,46.8085,117373.9286
[reverse] 빌리지 수로,e60f7964b0abe70c8d245326452808e38bf4da4cf30b2f8ef52a0f839d893302,6,39.1304,126885.9091
[reverse] 포레스트 폭포속으로,f223e23fe123db7e5b87217127bb4a94516cddde6ec99add00209caf5df91da8,6,16.6667,123286.8333
님프 통나무 아슬아슬 점프,08e1cd280d3310cd93ca2e1ad60dbdd8fbca6c37e1c26d4bd9eb08c9592a37a8,5,9.7561,128064.8182
문힐시티 덜컹덜컹 지하철 탈출,1b2d160447b4d5aea78497e89d67418d5001fb00a67dee5131e5d33847012953,5,0,95852.66667
[reverse] 노르테유 허공의 갈림길,2f2650bfaf03421c38970a1f8678868ae1159abdd1712bd06072bad9a32e88a4,5,20.8333,74428.78571
[reverse] 동화 프레티온 목마,462caf0d5b6f0894099c6c54d1f58a843a2df564d9c1961394df4208b6f0baa9,5,31.2139,101629.3125
[reverse] 팩토리 모험의 시작,b7ab41c77d9b0d7640b34ff2cf1c34becadf0f6908e1dd5781b883d83aab08b5,5,3.8835,103356.0741
[reverse] 팩토리 브로디의 심술,26bff08a7e04c167d9bbaa083008135c9e6c49867b802fd9e06b0cef5148ccb5,4,44.1718,97174.47368
아이스 크레이지 펭귄타운,681572858d6f63ccc75630acd47be609731f721bed44565e36e9b79269376eaa,4,8.9744,94783.93333
[reverse] 아이스 갈라진 빙산,76fffce56b86668909e5ea4fa159ab40bddadabb0abfa1c11cbfe7f34c86ad58,4,46.1538,222727.8333
어비스 바다의 인도자,890fdc656fad127acd0d811d8b58bd3bc9f0ec76b282d665f9476b03bed51840,4,37.5,133850.6
광산 무너지는 금광,b689ec03def1d91d572b75f607a81c4ec10daa68fc17e2245630545486ed24e9,4,9.6774,105182.3
팩토리 크레이지 모험,f2dd74ed29429ee29c1c9779648d2554315883730ef1e0d6851ea0e10df4cc21,4,3.7037,105107.5
브로디 위험한 프레스 공장,2c91a40803efd366253530ca40afa03913bb1d6a0cdce6f59c7e4e2173ce65ff,3,17.6471,123726
차이나 크레이지 동방명주,330e5f10ebfa3a7a4d653a90e51664959fed1490c606af148962a898a316c46f,3,0,108275.375
빌리지 크레이지 운하,4d3451d865062e6144809665f15229d18697bb3a8ba9f1fcf23cfb5692ea57aa,3,0,79995.57143
월드 런던 나이트,527872c275545791cae6465675f37633e725ef2cac58e5722dd5a7eca80be4de,3,36.0656,309993.3333
비치 크레이지 여객선,74d96a94dbd753c9526d897d517d1d5b1daaf35a329248388039a594d7068721,3,0,108834.1429
월드 크레이지 그리스,80c7fb62657357f78a4ce86e68b3b4a6cf9e690dfe4556e607de26ac9db98a02,3,30.5732,96513
[reverse] 노르테유 코스모웨이,bf1cdffffc05e9af397c567d313d2d10c8e45aefe564f48b06245aae0256e35b,3,22.2222,106960.2222
[reverse] 해적 위기일발 대탈출,f4398ccd501f265c45f2f6e823c0e9873323a4a1bb0ffcaf2f1c3e57158a1d0c,3,34.4828,121173.8333
비치 간이역,03d5caf09068ae444ffc44adcb51d3cfc8b49069dd01a490b3af1a0ec6167a5e,2,41.3793,99826.5
[reverse] 포레스트 행복한 팬더 마을,0ed6ab76c8fa6b07a3f56f3a4cbb85eb57565b7af42bfd472cfb5b809f52e694,2,23.0769,105772.5
공동묘지 공포의 외길,129ab676c2539f45c2b761a0fd96544084597dcb74e7da83bc54e1f2418d340d,2,0,118469.4
[reverse] 공동묘지 해골 손가락,57ab6b9ad0551d15dc6e671dc9e1de50b57a0d3ad18be0dcc51aea42b02a9537,2,61.5385,2078961.5
포레스트 크레이지 골짜기,596b76ae8f3935e1f6d16456135919f436a82846fb169ea3ab21933c3f72d7b3,2,0,108168.8333
사막 크레이지 오아시스,a587865c7b7033c319fcca896bfd11d37055aa4c7dcba41abd147caa9e61b958,2,17.2414,94675.16667
[reverse] 팩토리 우당탕 대소동,c33d9275d5cccef1665e951ca3a38ab28d525099d1107d38669900940c4c2b6b,2,25,140373
팩토리 수상한 증기 장치,f7acd79038f96a6dc0d04add6ac069b44d8380953c1e47b54197969cc1c04798,2,16.6667,107652.4
빌리지 손가락(아이템),3e96020f88b0d459592e4660f01f544a89d65431cee7f28f795d51acdee3752b,1,0,121375
[reverse] 팩토리 거대톱니의 위협,c4e27178b922fcfcf8a20f71c1978b43ce087fe093e0336e5624cdc8f1aec257,1,0,101720.3333
